video_name,label
1,2
2,3
4,2
6,4
7,4
8,2
10,7
11,5
12,5
13,3
15,4
16,7
18,1
19,5
20,4
21,1
22,2
24,2
25,4
26,4
27,3
29,1
31,4
32,7
33,1
34,1
37,3
43,5
45,5
46,6
48,2
49,2
53,4
54,1
55,1
56,7
57,2
59,4
60,1
61,5
63,3
64,4
65,7
70,3
71,1
72,3
73,1
74,3
75,3
77,5
78,1
79,2
80,2
82,1
83,1
84,7
85,3
87,3
89,1
91,2
93,5
94,2
95,3
97,4
98,1
99,7
101,7
103,2
106,4
107,2
108,7
109,4
111,4
112,3
113,1
116,4
117,5
119,1
120,2
122,2
124,4
126,3
127,5
128,1
129,3
130,4
131,2
133,5
134,3
135,2
136,4
138,4
139,1
140,4
141,3
142,7
143,4
145,5
146,1
147,1
148,1
149,2
150,2
151,5
152,3
154,3
155,4
157,4
159,4
160,3
161,1
162,3
164,4
165,7
166,4
167,3
168,3
169,1
170,4
172,4
173,5
174,7
175,3
177,2
178,3
179,1
180,4
183,7
184,3
185,1
186,2
187,4
188,2
190,1
191,1
194,4
195,3
197,4
199,1
200,3
204,7
205,5
206,4
207,2
208,5
211,3
212,5
214,3
215,2
216,1
217,4
218,3
219,4
220,3
221,3
222,4
225,3
226,1
227,7
228,1
229,2
231,3
232,2
233,7
234,2
236,3
240,4
242,1
244,4
246,3
248,1
249,3
250,3
251,4
252,4
253,4
256,5
259,3
260,5
261,3
262,6
263,5
264,5
267,7
269,2
270,1
271,4
272,3
273,5
276,4
277,3
278,7
280,3
282,3
283,2
284,1
285,3
287,3
290,7
293,1
295,2
296,3
297,4
300,2
301,7
305,1
308,3
309,5
310,1
311,4
312,3
315,1
316,1
317,4
318,3
319,3
320,3
321,2
324,7
326,3
327,4
329,2
331,2
332,5
334,4
338,2
339,1
340,4
341,2
342,1
343,4
344,3
345,1
346,4
348,4
349,3
350,2
351,4
352,1
354,5
356,1
357,4
358,7
360,4
361,4
362,2
363,3
365,2
366,5
367,1
368,3
369,7
370,1
372,2
373,4
374,3
375,3
377,5
378,2
379,2
380,3
383,4
384,5
386,1
387,1
393,4
394,1
396,4
399,1
400,2
401,4
403,5
404,2
405,1
408,4
410,3
413,4
414,1
415,1
416,3
417,2
418,3
420,3
421,1
423,2
424,4
426,7
430,3
431,4
432,3
433,5
435,4
436,4
437,3
438,3
442,6
443,4
444,1
445,2
446,7
447,5
448,4
449,4
452,3
453,5
456,3
457,1
458,1
459,3
460,3
461,7
463,1
464,2
465,4
466,5
467,3
470,3
471,5
472,4
473,4
474,1
475,5
477,1
478,1
480,3
482,2
485,2
486,2
488,1
489,3
490,3
491,1
493,5
496,2
497,1
498,2
499,4
500,1
501,7
503,3
505,3
506,1
507,3
508,1
509,7
510,2
512,2
515,3
516,7
518,7
519,1
520,1
521,5
522,4
523,7
524,2
527,1
528,1
529,2
530,7
532,1
534,5
535,4
536,4
538,7
539,4
540,2
541,3
543,2
544,2
545,1
546,2
547,2
548,2
549,1
551,2
552,5
553,4
555,2
556,2
558,4
560,4
563,4
564,4
565,7
566,4
569,4
570,4
571,2
572,3
573,7
574,7
576,5
581,2
582,3
583,2
584,7
586,2
587,2
588,5
589,3
591,5
592,2
593,2
594,6
595,1
596,1
597,4
598,2
600,6
602,4
603,1
604,4
605,3
606,4
607,4
608,1
610,4
611,3
612,3
623,2
625,2
626,2
627,1
628,1
629,2
631,1
632,7
633,3
634,1
636,1
637,2
638,3
639,4
640,7
641,4
643,3
644,7
645,4
646,7
647,1
648,3
650,3
653,3
654,5
655,6
656,1
657,7
658,2
659,2
661,4
662,4
663,1
664,4
665,3
666,4
670,2
671,1
674,1
676,4
677,3
678,7
683,4
684,5
685,4
686,1
689,3
690,3
691,1
693,4
694,1
695,5
696,3
699,2
700,5
701,3
703,1
704,4
705,2
706,5
707,5
708,2
709,7
711,1
714,3
715,1
716,6
718,2
720,1
721,5
722,1
725,1
726,2
727,4
728,5
731,4
733,2
734,7
736,1
739,7
740,3
741,3
742,1
743,1
744,4
746,3
747,5
749,1
750,1
751,7
752,3
755,1
756,1
757,1
759,5
760,4
761,2
764,7
765,4
767,4
769,1
770,7
771,4
772,4
773,3
774,3
775,5
776,1
777,5
778,5
780,7
781,2
783,4
784,4
785,1
787,4
788,3
789,6
790,1
791,4
792,4
793,5
797,4
799,1
800,5
801,1
802,5
803,7
804,2
805,1
806,1
808,2
809,3
810,2
813,3
814,4
816,5
817,3
818,2
819,3
820,4
821,3
822,4
825,1
826,5
827,4
829,4
830,3
832,5
833,1
836,5
837,5
838,1
841,3
843,6
844,4
845,3
847,1
848,1
849,7
850,4
851,5
852,3
853,1
854,1
856,5
857,4
859,3
861,3
862,4
865,1
866,5
867,1
868,2
869,1
871,2
873,1
875,2
876,7
878,3
879,4
880,4
882,3
885,2
886,1
887,4
890,3
893,7
895,1
896,5
897,7
898,1
899,6
900,3
902,7
903,2
904,1
905,2
906,1
907,3
911,5
912,3
913,4
914,3
915,2
916,2
917,1
919,2
925,1
926,3
928,4
929,4
930,2
931,3
934,5
935,5
937,3
938,1
939,5
940,2
941,5
942,3
945,3
947,3
949,4
950,4
951,3
955,1
956,1
957,4
960,1
961,7
962,5
963,3
965,2
966,4
967,2
972,4
975,3
977,5
978,3
979,1
981,5
982,2
983,2
984,1
985,2
986,7
987,2
988,2
989,2
991,5
993,3
994,4
995,3
996,2
998,1
999,3
1000,7
1001,4
1004,1
1005,7
1006,5
1007,1
1009,5
1011,7
1013,1
1014,2
1016,4
1017,3
1021,5
1023,4
1025,2
1026,2
1027,3
1028,2
1030,3
1031,5
1032,1
1034,7
1035,4
1036,4
1037,6
1038,2
1039,4
1040,2
1041,7
1042,4
1043,3
1044,5
1046,3
1047,4
1048,1
1049,3
1051,1
1052,2
1053,7
1054,4
1055,4
1057,2
1058,6
1059,2
1060,7
1063,4
1064,2
1065,5
1066,1
1068,1
1069,7
1071,2
1073,1
1074,1
1076,1
1077,7
1078,4
1079,7
1080,4
1081,2
1082,3
1084,1
1085,3
1087,3
1088,1
1089,5
1091,3
1092,4
1093,7
1094,3
1096,3
1097,4
1098,5
1101,3
1102,2
1103,1
1105,1
1106,2
1107,7
1108,5
1109,1
1110,4
1112,3
1114,3
1116,4
1118,4
1121,4
1122,1
1123,1
1124,2
1125,4
1126,2
1127,4
1128,3
1129,4
1130,4
1132,1
1134,4
1137,4
1140,1
1142,3
1143,4
1145,2
1146,4
1148,5
1149,1
1153,4
1154,3
1157,1
1160,1
1161,2
1162,4
1163,5
1164,2
1165,4
1166,1
1167,1
1168,4
1169,3
1171,4
1172,1
1174,4
1175,7
1176,7
1177,4
1179,3
1180,2
1181,7
1183,7
1184,7
1186,2
1187,5
1188,4
1189,2
1190,7
1192,3
1193,4
1194,2
1195,4
1196,2
1198,7
1201,3
1202,5
1205,5
1206,3
1207,2
1208,1
1209,5
1210,2
1213,2
1214,1
1215,5
1216,2
1217,2
1219,4
1220,1
1221,2
1223,4
1224,5
1225,7
1226,1
1227,2
1228,4
1229,1
1231,2
1232,7
1233,1
1234,1
1235,2
1238,1
1240,4
1242,1
1243,2
1244,4
1245,5
1247,2
1248,1
1249,7
1251,2
1252,2
1253,6
1254,4
1255,4
1256,2
1257,4
1259,1
1260,2
1262,3
1263,3
1264,7
1265,7
1266,7
1267,1
1268,2
1271,7
1274,3
1277,7
1278,6
1279,3
1280,1
1282,7
1283,2
1284,3
1285,3
1286,7
1287,5
1288,3
1289,4
1291,2
1293,4
1296,1
1297,1
1298,5
1300,3
1301,5
1302,5
1305,1
1307,2
1308,7
1311,4
1313,1
1315,1
1316,1
1317,1
1318,3
1320,3
1321,1
1322,2
1324,2
1325,4
1327,3
1328,1
1330,4
1332,3
1333,1
1335,2
1337,5
1342,2
1344,2
1345,5
1347,3
1350,4
1351,4
1352,1
1353,5
1355,4
1356,5
1357,5
1358,4
1360,4
1361,2
1362,1
1363,4
1364,2
1365,3
1366,4
1367,3
1368,1
1369,4
1370,1
1371,5
1372,3
1373,1
1374,5
1375,4
1378,5
1380,4
1381,7
1382,5
1383,1
1384,7
1386,1
1388,3
1389,4
1391,4
1392,1
1394,4
1395,2
1396,1
1397,1
1399,3
1400,3
1401,2
1402,5
1404,1
1407,7
1408,2
1410,5
1411,4
1413,3
1415,1
1416,5
1417,7
1419,5
1420,3
1424,3
1427,3
1428,1
1429,7
1430,1
1431,4
1432,4
1433,3
1434,2
1435,3
1436,3
1438,7
1439,4
1440,1
1441,1
1443,3
1444,4
1445,2
1446,1
1448,4
1449,1
1450,4
1451,2
1452,1
1456,1
1460,1
1461,3
1462,3
1464,5
1465,5
1466,4
1467,3
1468,2
1469,1
1470,4
1471,4
1472,2
1473,1
1474,4
1475,2
1476,2
1477,2
1478,3
1479,4
1481,1
1482,2
1483,2
1486,3
1487,4
1488,7
1489,5
1490,2
1491,2
1493,6
1494,4
1495,3
1496,4
1497,7
1498,4
1499,4
1500,4
1502,4
1503,7
1506,3
1507,7
1508,2
1509,1
1513,4
1514,3
1515,7
1516,3
1517,1
1519,1
1520,3
1521,1
1522,7
1524,3
1525,7
1529,2
1530,7
1532,4
1533,3
1534,1
1538,7
1540,3
1541,3
1542,7
1543,4
1544,3
1545,2
1546,7
1548,7
1549,5
1550,4
1551,1
1552,1
1553,6
1554,1
1555,2
1556,5
1557,1
1558,1
1559,7
1560,4
1561,5
1562,5
1563,3
1564,1
1565,3
1567,5
1570,3
1571,3
1573,1
1574,3
1575,7
1576,4
1577,3
1580,7
1581,1
1582,4
1583,3
1584,3
1587,4
1588,2
1589,1
1591,3
1592,3
1594,4
1595,3
1597,5
1598,4
1600,5
1601,4
1602,1
1603,1
1604,7
1605,3
1611,3
1612,3
1614,3
1616,5
1617,5
1618,2
1619,1
1620,2
1621,4
1623,3
1626,5
1627,5
1628,7
1629,4
1631,5
1632,1
1633,2
1634,4
1637,3
1639,1
1640,7
1641,4
1642,2
1643,1
1644,1
1645,3
1646,7
1648,7
1651,4
1652,3
1653,1
1655,1
1657,4
1659,5
1660,2
1663,5
1664,3
1666,1
1667,5
1668,3
1669,3
1670,7
1671,5
1673,1
1674,5
1675,2
1677,3
1678,3
1679,3
1680,7
1682,3
1683,2
1684,1
1685,7
1688,1
1689,1
1690,2
1691,4
1692,4
1694,2
1695,4
1696,7
1697,4
1699,3
1700,4
1701,1
1702,2
1705,7
1706,4
1707,3
1709,3
1710,1
1711,3
1715,3
1716,3
1717,4
1718,5
1719,4
1720,1
1721,7
1722,7
1724,4
1725,1
1726,1
1727,3
1728,4
1729,5
1731,7
1732,4
1733,7
1737,4
1738,7
1739,7
1740,4
1741,2
1742,7
1745,2
1746,1
1747,2
1748,4
1749,1
1750,1
1751,7
1752,3
1753,2
1754,2
1756,2
1758,4
1759,1
1761,1
1762,5
1763,3
1766,4
1767,3
1769,3
1774,2
1776,1
1779,2
1782,5
1785,4
1787,3
1788,3
1789,3
1790,4
1791,1
1792,7
1793,7
1795,7
1798,2
1799,1
1800,2
1801,4
1802,2
1806,3
1807,5
1808,3
1810,2
1812,3
1814,3
1815,7
1816,4
1818,2
1819,4
1820,3
1821,3
1822,5
1824,4
1825,3
1827,4
1830,2
1831,7
1832,5
1834,5
1835,3
1836,5
1840,3
1842,1
1843,3
1844,4
1845,3
1846,5
1847,7
1848,1
1851,3
1852,3
1854,2
1856,7
1857,2
1858,1
1859,1
1861,4
1863,4
1865,7
1866,1
1867,4
1868,2
1870,7
1873,4
1874,1
1878,3
1879,1
1880,4
1881,2
1882,2
1883,7
1885,7
1886,4
1887,3
1888,4
1891,2
1893,1
1894,3
1896,4
1897,5
1898,3
1899,4
1900,7
1901,3
1902,1
1904,2
1905,1
1906,2
1907,5
1908,5
1909,6
1911,4
1912,2
1913,1
1915,1
1916,1
1917,3
1919,3
1920,2
1924,5
1927,4
1928,2
1929,1
1931,1
1932,5
1933,3
1934,3
1936,5
1937,3
1939,2
1942,1
1943,1
1944,3
1945,5
1946,4
1947,1
1948,2
1949,4
1950,1
1951,2
1954,3
1956,7
1957,7
1959,4
1961,5
1963,2
1964,5
1965,2
1967,4
1968,1
1969,3
1970,2
1972,7
1974,2
1975,1
1978,4
1980,4
1982,4
1983,5
1984,1
1985,4
1986,6
1987,4
1988,1
1989,3
1990,5
1994,1
1996,1
1997,5
1999,3
2000,7
2002,4
2003,1
2004,3
2006,2
2007,3
2008,5
2009,4
2011,7
2013,2
2014,1
2015,3
2017,4
2018,7
2021,3
2023,4
2024,3
2025,1
2027,2
2029,2
2031,4
2033,4
2034,4
2036,3
2038,2
2039,2
2040,4
2042,3
2043,1
2044,2
2046,3
2048,3
2049,6
2051,7
2052,3
2053,1
2054,3
2055,4
2058,1
2060,1
2061,7
2062,1
2063,7
2064,2
2065,4
2066,1
2067,1
2068,2
2069,3
2071,1
2073,2
2074,4
2076,2
2079,4
2080,7
2084,1
2085,4
2086,1
2088,1
2092,7
2093,2
2094,3
2095,4
2096,3
2097,4
2098,3
2099,4
2100,1
2101,1
2102,2
2103,2
2105,3
2106,4
2107,1
2108,4
2110,4
2112,7
2113,4
2114,4
2115,3
2119,4
2120,3
2121,2
2123,5
2124,1
2127,4
2129,6
2131,2
2132,1
2133,4
2134,3
2135,5
2137,1
2139,3
2141,3
2144,1
2146,1
2147,4
2148,1
2149,3
2150,7
2151,6
2153,3
2154,1
2155,4
2156,1
2157,2
2159,1
2160,4
2161,3
2162,1
2163,1
2164,1
2165,5
2166,5
2168,1
2169,4
2170,3
2171,1
2172,3
2174,3
2176,3
2177,5
2178,2
2179,6
2181,4
2182,2
2185,3
2186,3
2187,6
2189,1
2190,5
2192,1
2193,1
2194,4
2196,3
2198,2
2199,2
2200,4
2202,4
2203,2
2204,2
2205,4
2206,5
2209,5
2210,7
2211,1
2212,2
2213,3
2214,2
2215,2
2216,1
2218,1
2219,4
2220,1
2221,7
2224,2
2225,7
2226,1
2228,4
2229,3
2230,5
2232,3
2233,7
2234,3
2235,1
2237,3
2238,3
2239,4
2240,1
2242,7
2243,2
2244,6
2245,1
2246,4
2247,1
2248,2
2251,1
2252,2
2254,5
2255,3
2256,1
2257,4
2258,5
2259,1
2261,3
2262,5
2264,1
2265,5
2267,7
2268,7
2269,4
2270,3
2271,4
2272,4
2274,3
2275,4
2277,1
2280,5
2281,6
2283,3
2284,2
2285,4
2286,3
2287,2
2288,7
2289,7
2292,4
2293,7
2295,3
2296,2
2298,1
2301,7
2303,4
2304,4
2305,2
2306,1
2307,5
2309,1
2310,4
2311,3
2312,3
2313,1
2318,3
2319,1
2320,3
2321,3
2323,2
2324,3
2325,1
2328,4
2329,2
2330,4
2332,7
2333,1
2334,7
2335,3
2339,1
2340,2
2341,2
2343,4
2344,2
2345,3
2347,4
2348,3
2350,4
2351,7
2353,7
2354,7
2355,3
2356,1
2359,1
2360,3
2362,3
2364,4
2365,3
2366,6
2367,3
2368,3
2370,3
2373,1
2374,3
2376,1
2378,3
2379,4
2381,1
2382,2
2383,7
2384,3
2386,1
2387,2
2388,4
2389,4
2393,3
2394,7
2395,4
2396,4
2397,5
2398,1
2399,4
2400,2
2401,5
2402,7
2403,1
2404,4
2406,7
2407,2
2408,1
2409,5
2410,2
2412,4
2413,1
2414,3
2415,3
2416,4
2417,1
2419,5
2422,3
2423,4
2426,1
2427,1
2428,4
2430,3
2432,1
2434,7
2435,3
2436,1
2437,5
2438,3
2439,5
2442,2
2443,2
2444,2
2445,7
2446,7
2447,1
2448,1
2449,4
2450,1
2451,5
2453,5
2454,4
2455,4
2456,7
2458,1
2459,3
2462,1
2465,4
2467,6
2468,5
2469,4
2470,3
2471,4
2472,3
2473,3
2474,1
2475,1
2476,5
2479,5
2481,6
2482,2
2483,4
2484,2
2487,3
2489,7
2490,4
2491,2
2492,3
2495,5
2496,7
2497,1
2498,3
2499,3
2500,7
2502,2
2503,1
2504,4
2505,2
2506,4
2509,6
2511,2
2512,5
2513,2
2514,3
2515,3
2516,1
2519,3
2520,1
2522,6
2523,1
2525,5
2526,2
2528,3
2529,1
2532,3
2534,3
2535,3
2536,6
2537,4
2539,3
2540,4
2543,5
2544,1
2545,3
2546,2
2547,3
2548,7
2550,2
2551,1
2552,1
2553,3
2554,4
2555,2
2557,2
2558,3
2559,3
2560,2
2561,5
2562,1
2563,4
2564,4
2565,1
2566,7
2567,1
2569,2
2570,4
2571,2
2572,3
2577,1
2578,7
2580,1
2581,6
2582,1
2583,3
2584,4
2588,7
2589,1
2590,2
2591,5
2592,2
2593,4
2595,6
2596,2
2597,5
2599,4
2600,3
2602,5
2603,1
2605,2
2606,1
2607,3
2608,1
2609,1
2610,4
2612,3
2614,3
2615,3
2616,4
2617,3
2618,2
2619,1
2620,4
2622,3
2623,1
2625,1
2626,3
2629,4
2630,7
2632,3
2633,5
2634,3
2635,2
2636,7
2637,2
2638,7
2639,1
2640,3
2641,2
2642,2
2645,1
2647,1
2649,3
2650,4
2651,2
2654,2
2655,3
2656,4
2657,1
2658,3
2659,5
2661,7
2662,5
2663,3
2664,2
2667,3
2669,3
2670,1
2671,3
2672,2
2673,2
2675,7
2676,4
2677,7
2678,4
2679,4
2680,5
2681,6
2683,2
2684,3
2686,2
2687,5
2688,1
2689,4
2690,1
2691,3
2693,1
2695,3
2696,3
2697,1
2699,2
2700,3
2701,2
2702,7
2705,2
2706,3
2707,3
2708,3
2709,1
2710,1
2711,3
2712,3
2714,3
2716,3
2717,1
2719,4
2722,1
2723,1
2724,7
2727,4
2728,1
2729,3
2730,3
2731,2
2732,2
2735,1
2736,1
2737,2
2738,4
2739,3
2745,4
2746,4
2749,3
2752,3
2754,1
2755,4
2756,1
2757,4
2758,4
2759,3
2761,1
2762,4
2765,4
2767,3
2768,3
2769,1
2771,7
2772,7
2774,3
2775,4
2776,2
2777,1
2778,3
2779,7
2780,3
2783,3
2784,5
2785,3
2786,1
2787,1
2790,1
2791,4
2792,1
2793,4
2796,4
2797,3
2798,3
2800,3
2802,4
2803,4
2805,2
2806,4
2807,1
2811,1
2812,3
2814,1
2815,4
2816,4
2817,1
2818,7
2819,3
2820,3
2821,5
2822,3
2824,3
2826,4
2827,3
2828,4
2829,4
2830,3
2831,4
2832,3
2834,3
2838,2
2839,3
2842,1
2843,4
2844,2
2845,1
2846,1
2849,4
2850,1
2852,5
2853,3
2854,6
2855,5
2856,1
2857,2
2859,3
2860,7
2862,3
2863,4
2865,1
2866,3
2868,2
2869,2
2870,2
2871,1
2872,1
2874,1
2875,1
2876,1
2877,3
2878,3
2879,1
2881,3
2882,2
2885,1
2886,3
2887,4
2889,4
2892,2
2893,2
2894,3
2895,7
2897,2
2898,2
2899,2
2900,7
2901,2
2903,2
2905,7
2906,4
2907,3
2908,3
2909,1
2910,4
2911,1
2912,3
2913,1
2914,3
2916,4
2917,2
2918,1
2919,5
2921,3
2922,2
2923,1
2925,7
2929,2
2930,3
2931,3
2932,3
2933,1
2935,4
2936,5
2937,3
2938,2
2939,4
2940,2
2942,4
2943,1
2945,3
2946,5
2950,7
2951,2
2952,2
2955,3
2956,1
2958,4
2959,1
2960,4
2961,3
2966,3
2967,1
2968,2
2970,3
2971,2
2972,3
2974,1
2975,4
2976,4
2977,5
2978,1
2979,2
2980,1
2981,4
2984,2
2985,3
2986,4
2987,2
2988,2
2989,4
2990,4
2991,1
2992,3
2994,2
2996,5
2998,2
3000,3
3001,4
3002,1
3003,5
3004,5
3006,4
3007,5
3008,4
3009,4
3011,3
3012,4
3015,2
3019,1
3020,1
3022,1
3024,3
3026,4
3028,1
3029,3
3030,6
3032,3
3033,2
3034,2
3035,4
3036,1
3038,5
3041,3
3042,1
3043,1
3045,5
3051,4
3052,2
3053,3
3054,3
3055,3
3056,3
3057,1
3059,3
3060,7
3061,5
3062,4
3063,1
3064,4
3065,3
3066,1
3067,1
3068,3
3069,2
3070,4
3072,5
3073,1
3075,3
3077,4
3078,3
3079,2
3080,4
3082,4
3083,3
3085,3
3087,2
3088,4
3090,1
3091,1
3092,3
3093,7
3096,7
3097,1
3098,3
3099,7
3101,3
3102,1
3103,2
3106,2
3107,3
3108,1
3110,3
3111,1
3113,1
3114,5
3115,1
3116,1
3117,2
3118,4
3119,3
3120,3
3122,3
3124,2
3127,4
3128,3
3129,1
3130,2
3131,1
3132,4
3134,1
3135,7
3136,2
3137,1
3138,4
3139,3
3140,3
3141,5
3143,3
3144,1
3145,4
3149,5
3151,3
3152,3
3154,3
3155,3
3157,1
3158,1
3159,2
3161,2
3162,3
3164,7
3165,3
3166,1
3167,3
3168,3
3170,2
3171,2
3172,1
3175,3
3177,3
3178,4
3180,3
3181,2
3183,1
3184,2
3185,1
3186,1
3187,4
3188,7
3189,2
3191,7
3192,7
3193,3
3194,4
3195,2
3196,2
3199,1
3200,1
3202,7
3204,4
3209,5
3212,1
3213,7
3214,2
3215,2
3216,3
3218,1
3219,1
3220,5
3223,1
3225,3
3228,2
3230,7
3232,1
3233,4
3234,4
3235,4
3238,4
3239,1
3240,3
3241,4
3242,3
3243,1
3244,3
3245,2
3246,1
3247,1
3248,1
3249,3
3250,4
3251,1
3252,1
3257,7
3258,1
3259,6
3262,1
3264,3
3265,3
3266,1
3267,4
3268,5
3269,1
3270,3
3271,1
3272,5
3273,2
3274,5
3275,2
3276,2
3278,5
3279,4
3281,1
3282,7
3283,5
3284,1
3285,6
3287,7
3289,2
3291,3
3292,4
3295,7
3297,6
3298,4
3299,2
3300,1
3301,2
3303,3
3304,1
3306,5
3307,3
3308,7
3310,1
3311,2
3312,1
3315,7
3316,1
3317,4
3318,2
3319,3
3320,2
3322,1
3324,3
3325,7
3327,3
3328,2
3330,1
3331,1
3332,1
3334,2
3338,4
3339,3
3340,5
3341,1
3342,3
3343,2
3344,4
3346,3
3347,4
3349,6
3351,7
3352,2
3353,7
3354,4
3357,2
3358,3
3359,2
3361,7
3363,5
3365,5
3366,2
3367,2
3368,5
3370,3
3371,2
3372,1
3373,2
3374,7
3375,7
3376,2
3377,7
3379,4
3381,6
3383,4
3384,2
3385,1
3386,2
3387,7
3388,7
3391,1
3392,4
3393,4
3394,2
3395,2
3396,1
3397,2
3398,1
3399,3
3400,3
3401,1
3403,2
3404,3
3405,2
3406,3
3410,7
3411,5
3414,3
3415,1
3419,4
3420,3
3421,3
3422,1
3423,4
3424,4
3425,7
3426,1
3428,1
3429,2
3430,3
3432,1
3433,3
3434,1
3438,2
3439,2
3441,2
3443,1
3444,2
3445,2
3446,3
3447,4
3448,1
3450,2
3452,4
3455,1
3460,3
3462,4
3465,4
3466,4
3467,4
3468,3
3469,7
3471,7
3472,2
3474,7
3476,3
3477,2
3478,4
3479,1
3481,2
3482,7
3483,1
3484,4
3485,1
3486,7
3487,1
3490,4
3493,5
3494,5
3496,3
3497,1
3498,1
3499,2
3501,2
3502,3
3504,1
3507,4
3509,3
3510,2
3511,1
3512,3
3514,2
3516,4
3517,1
3518,2
3519,5
3520,4
3522,3
3523,2
3524,5
3525,5
3526,3
3527,3
3528,4
3529,1
3530,1
3531,5
3533,5
3536,7
3537,2
3538,4
3539,1
3540,1
3541,2
3542,1
3543,1
3545,5
3546,4
3547,5
3548,2
3549,5
3550,4
3551,4
3552,4
3553,3
3555,3
3556,2
3557,7
3559,4
3560,4
3561,1
3563,1
3564,2
3565,5
3566,1
3567,1
3569,4
3570,3
3571,2
3572,2
3573,4
3575,5
3578,3
3579,5
3580,7
3581,4
3584,5
3586,3
3587,5
3588,1
3589,4
3590,3
3591,1
3592,3
3593,2
3594,3
3595,5
3597,1
3598,1
3602,4
3603,1
3604,7
3605,3
3606,4
3608,5
3609,1
3610,3
3612,5
3613,3
3614,1
3615,2
3616,2
3617,2
3618,3
3620,1
3622,1
3623,7
3625,7
3626,2
3628,2
3629,3
3632,1
3633,7
3635,2
3636,4
3637,3
3638,7
3639,1
3641,2
3642,4
3643,5
3644,3
3646,1
3648,3
3650,1
3652,4
3654,5
3655,2
3658,3
3659,4
3661,3
3663,7
3664,1
3665,2
3666,3
3667,4
3668,5
3669,2
3670,2
3671,7
3672,2
3673,3
3674,2
3675,7
3677,2
3678,1
3679,7
3683,2
3684,2
3685,7
3686,4
3689,5
3692,4
3693,2
3694,4
3696,7
3697,2
3699,2
3700,2
3701,5
3703,1
3704,3
3705,7
3706,2
3708,5
3710,3
3711,4
3712,3
3715,4
3717,1
3718,4
3719,4
3723,3
3727,1
3730,1
3731,3
3732,2
3733,1
3734,4
3735,1
3736,4
3737,2
3739,2
3740,3
3741,7
3742,3
3743,1
3745,4
3749,3
3750,7
3751,5
3753,2
3756,1
3758,4
3760,1
3761,1
3763,2
3764,4
3767,1
3768,3
3769,3
3771,5
3772,4
3773,2
3774,5
3775,4
3776,2
3777,4
3778,7
3779,7
3780,4
3781,3
3782,3
3784,2
3785,2
3786,2
3787,2
3788,2
3789,1
3793,4
3794,4
3797,7
3798,1
3799,7
3800,1
3801,3
3803,1
3804,2
3807,3
3808,5
3810,1
3811,3
3812,2
3814,5
3815,7
3816,4
3817,7
3818,2
3819,1
3820,1
3821,4
3822,4
3823,5
3824,4
3826,1
3828,2
3829,5
3830,3
3832,3
3833,7
3835,1
3836,4
3837,2
3840,1
3841,2
3842,4
3843,1
3845,1
3846,7
3848,1
3849,2
3850,5
3851,5
3852,5
3853,3
3854,2
3855,4
3856,5
3857,3
3858,1
3859,3
3860,4
3861,3
3862,3
3863,3
3864,3
3865,2
3867,1
3868,3
3869,3
3870,2
3872,3
3873,3
3876,4
3878,3
3880,3
3882,3
3883,6
3885,5
3888,3
3891,5
3893,3
3894,4
3895,5
3896,4
3897,1
3898,5
3900,3
3901,2
3902,2
3903,3
3904,1
3905,4
3906,4
3907,4
3909,3
3910,2
3911,2
3914,5
3915,5
3917,1
3919,3
3920,3
3922,1
3925,3
3926,4
3927,2
3928,4
3931,5
3932,1
3936,7
3939,5
3940,1
3941,3
3942,1
3943,4
3945,7
3946,5
3947,1
3949,4
3950,5
3951,3
3954,3
3955,1
3956,1
3960,2
3961,3
3963,5
3964,4
3966,4
3967,5
3968,2
3970,3
3971,7
3972,2
3973,3
3974,2
3976,3
3977,3
3979,7
3980,5
3981,1
3983,2
3984,7
3985,3
3987,2
3988,3
3989,1
3990,2
3991,2
3992,2
3993,1
3995,3
3996,1
3997,2
3998,3
3999,4
4000,3
4001,5
4002,7
4004,1
4007,2
4008,3
4009,1
4010,1
4011,3
4014,7
4016,3
4021,3
4022,1
4023,3
4024,4
4025,2
4026,1
4028,1
4029,3
4030,3
4031,5
4032,1
4033,2
4034,5
4037,3
4039,5
4040,2
4041,7
4043,4
4046,4
4047,2
4048,7
4049,4
4050,5
4052,2
4053,5
4055,3
4056,1
4057,4
4059,7
4060,3
4063,2
4064,1
4065,1
4067,2
4068,4
4069,2
4070,3
4071,3
4072,7
4074,4
4075,2
4077,3
4078,4
4079,3
4080,3
4082,7
4083,3
4084,1
4085,3
4088,2
4089,2
4090,2
4091,4
4097,1
4098,1
4099,5
4100,4
4102,1
4103,7
4104,7
4105,1
4106,1
4107,2
4108,1
4109,1
4110,4
4113,4
4114,4
4116,7
4119,2
4120,1
4121,7
4122,7
4124,3
4125,3
4126,3
4127,1
4129,4
4130,3
4131,4
4132,4
4134,3
4135,1
4137,3
4139,7
4140,2
4141,5
4144,1
4145,4
4147,1
4149,4
4150,7
4151,4
4153,1
4154,1
4155,1
4156,7
4157,7
4158,4
4159,4
4160,7
4161,3
4162,3
4163,2
4164,3
4165,2
4166,2
4168,1
4169,3
4171,3
4173,4
4174,2
4175,1
4176,2
4180,1
4182,2
4185,3
4189,1
4191,2
4192,7
4193,4
4194,7
4196,1
4198,7
4199,7
4202,7
4204,1
4205,7
4207,7
4208,2
4209,3
4211,7
4212,7
4216,2
4218,3
4219,3
4221,3
4223,3
4224,4
4232,5
4233,5
4234,2
4235,1
4237,1
4238,7
4239,3
4240,2
4241,4
4244,7
4245,2
4246,3
4247,5
4248,1
4249,5
4251,1
4253,1
4255,2
4257,4
4258,5
4259,1
4261,3
4263,4
4267,3
4268,2
4270,5
4274,2
4278,3
4279,3
4280,3
4282,2
4283,1
4285,5
4287,5
4289,4
4293,7
4294,1
4295,3
4297,3
4298,5
4299,4
4300,3
4301,3
4303,2
4305,4
4307,4
4308,5
4309,3
4310,1
4312,5
4314,1
4315,2
4316,3
4317,2
4318,1
4319,4
4320,4
4322,1
4325,1
4326,4
4328,1
4330,2
4331,2
4332,2
4334,1
4335,4
4336,2
4337,1
4338,2
4339,5
4340,1
4341,1
4342,5
4343,4
4344,3
4345,1
4348,3
4350,3
4352,1
4353,4
4356,4
4357,5
4358,3
4359,2
4360,2
4362,1
4364,5
4365,3
4367,4
4369,3
4370,5
4372,3
4376,5
4377,1
4378,1
4380,3
4381,1
4382,3
4384,4
4385,2
4387,1
4388,3
4389,3
4391,4
4392,7
4395,3
4398,4
4399,5
4400,2
4401,1
4402,4
4403,3
4404,4
4405,5
4406,2
4407,5
4408,4
4409,1
4410,2
4411,4
4412,3
4413,1
4414,1
4415,1
4417,5
4418,1
4420,3
4421,2
4423,4
4424,2
4425,4
4427,7
4429,4
4436,1
4437,2
4438,1
4439,1
4440,1
4447,4
4448,4
4449,4
4450,1
4451,5
4452,1
4453,4
4454,3
4455,2
4456,2
4457,7
4458,1
4459,2
4460,1
4461,4
4462,5
4464,3
4468,2
4469,1
4470,4
4471,2
4473,3
4474,2
4475,2
4476,4
4477,3
4478,1
4480,4
4481,7
4482,3
4483,1
4486,5
4487,4
4488,3
4491,4
4492,3
4493,1
4494,1
4495,3
4497,3
4498,3
4499,2
4500,3
4501,5
4502,7
4503,4
4504,2
4505,1
4507,4
4508,5
4510,1
4511,5
4512,4
4513,2
4516,2
4517,2
4518,2
4519,3
4521,5
4522,3
4524,5
4525,3
4526,5
4527,4
4528,7
4533,2
4535,5
4536,2
4537,3
4540,2
4541,1
4542,1
4543,1
4544,3
4546,4
4547,2
4548,2
4549,2
4550,2
4552,4
4554,4
4555,2
4556,3
4557,3
4558,4
4559,6
4560,4
4561,1
4562,3
4563,4
4564,3
4566,3
4567,1
4569,1
4570,3
4571,5
4572,5
4573,1
4574,1
4575,3
4576,7
4577,1
4578,3
4580,3
4581,1
4584,4
4585,4
4586,7
4587,4
4588,2
4589,3
4590,3
4592,5
4593,3
4595,4
4597,2
4598,3
4599,2
4600,3
4601,4
4602,3
4605,2
4606,4
4607,4
4610,4
4611,3
4612,1
4615,4
4616,2
4617,4
4618,4
4619,3
4620,3
4621,1
4623,1
4624,1
4625,3
4626,1
4627,5
4628,4
4629,1
4630,2
4632,1
4633,2
4634,2
4635,7
4636,5
4642,1
4644,2
4646,5
4647,4
4649,4
4650,7
4651,5
4652,1
4654,1
4656,3
4657,5
4658,3
4659,3
4660,2
4661,4
4662,5
4664,4
4665,1
4666,3
4667,4
4668,1
4669,4
4670,5
4671,5
4672,4
4673,1
4674,1
4678,3
4679,1
4680,2
4681,1
4684,1
4685,4
4686,4
4687,7
4688,1
4692,2
4693,7
4694,1
4695,3
4699,5
4701,2
4702,1
4704,1
4705,1
4706,3
4708,3
4709,5
4710,3
4713,1
4719,2
4720,1
4721,3
4722,4
4723,1
4724,3
4725,3
4727,4
4728,4
4729,1
4730,5
4732,3
4733,7
4734,2
4737,3
4738,2
4739,5
4743,1
4744,7
4745,3
4746,4
4748,7
4749,2
4750,3
4753,5
4754,4
4755,1
4756,1
4757,1
4759,4
4760,1
4761,1
4762,3
4763,3
4764,4
4768,2
4769,1
4771,2
4772,4
4773,3
4776,3
4777,2
4778,3
4779,5
4781,1
4784,1
4786,7
4787,3
4789,3
4790,1
4791,4
4792,1
4795,2
4796,3
4797,6
4798,1
4799,3
4800,4
4801,7
4802,1
4803,7
4804,3
4805,3
4806,5
4807,7
4808,2
4809,1
4810,7
4811,1
4812,2
4813,3
4815,4
4817,7
4818,2
4819,1
4822,2
4824,4
4825,7
4827,2
4829,5
4830,7
4832,3
4833,1
4835,4
4836,3
4837,2
4839,2
4841,2
4843,4
4844,4
4845,4
4846,2
4849,4
4850,1
4851,5
4853,4
4855,3
4858,1
4859,5
4860,3
4861,7
4863,1
4864,3
4866,4
4867,3
4868,5
4872,1
4873,1
4874,1
4875,1
4876,7
4877,3
4878,1
4879,7
4882,3
4883,4
4884,4
4885,3
4888,4
4889,1
4890,1
4891,3
4892,5
4893,4
4894,1
4896,4
4897,1
4898,3
4899,1
4900,2
4901,1
4903,3
4904,3
4905,2
4906,5
4909,3
4910,1
4912,5
4915,1
4916,3
4917,3
4918,5
4919,5
4920,2
4922,5
4923,1
4924,5
4925,3
4927,7
4928,5
4930,4
4931,4
4933,3
4934,1
4935,2
4936,1
4937,4
4938,3
4939,7
4940,5
4941,7
4942,3
4943,3
4944,7
4945,4
4947,1
4948,3
4949,2
4950,4
4951,5
4952,1
4953,5
4954,2
4956,1
4957,4
4958,5
4959,1
4960,4
4961,1
4962,3
4966,7
4967,2
4969,1
4971,6
4972,1
4974,4
4975,5
4978,3
4980,7
4981,6
4982,4
4983,3
4984,7
4985,1
4986,2
4989,4
4991,1
4992,7
4993,3
4995,4
4996,3
4997,3
4998,7
4999,2
5000,1
5001,5
5002,1
5006,3
5007,4
5008,4
5010,3
5013,2
5014,5
5016,1
5017,3
5022,3
5023,1
5024,7
5025,1
5028,1
5029,1
5033,7
5035,4
5036,1
5037,2
5038,5
5042,4
5044,4
5046,1
5047,3
5049,2
5050,4
5051,4
5054,1
5055,4
5057,5
5060,1
5061,1
5063,2
5064,4
5065,2
5066,2
5067,1
5068,5
5069,4
5070,1
5072,4
5073,2
5074,1
5077,5
5078,4
5079,3
5080,4
5082,2
5083,4
5084,7
5085,7
5087,3
5088,7
5089,5
5090,1
5091,2
5092,3
5094,4
5095,2
5096,2
5097,7
5098,1
5099,5
5101,3
5103,4
5104,4
5105,3
5107,3
5108,3
5109,5
5110,4
5111,1
5112,3
5113,5
5114,7
5115,4
5118,4
5120,4
5121,4
5122,4
5123,3
5125,7
5126,1
5128,2
5129,4
5130,2
5131,4
5132,1
5133,1
5134,5
5137,2
5139,1
5141,7
5142,2
5143,2
5144,1
5147,1
5148,7
5149,1
5150,5
5151,4
5152,5
5154,2
5155,4
5156,2
5157,1
5158,5
5161,2
5162,5
5164,3
5166,1
5168,1
5170,1
5171,4
5172,1
5173,3
5175,7
5176,7
5180,1
5181,3
5182,4
5183,4
5184,1
5185,2
5186,4
5187,7
5188,7
5189,4
5190,3
5191,5
5192,3
5193,2
5194,2
5196,1
5197,1
5199,5
5201,1
5202,3
5204,5
5206,1
5207,5
5209,7
5210,5
5211,5
5213,4
5214,1
5216,6
5217,4
5218,4
5219,3
5220,3
5221,2
5222,2
5223,4
5224,3
5226,3
5227,2
5228,1
5229,3
5230,2
5232,1
5233,2
5234,1
5235,5
5236,7
5237,2
5238,2
5239,6
5241,5
5242,3
5243,5
5244,5
5245,3
5246,4
5247,7
5248,4
5249,3
5250,7
5251,3
5253,4
5254,3
5255,2
5256,4
5259,5
5261,3
5263,7
5264,3
5265,7
5268,2
5270,5
5272,2
5273,3
5274,4
5275,5
5278,2
5279,2
5280,2
5281,3
5282,4
5283,2
5284,4
5285,1
5286,7
5288,5
5290,5
5291,3
5292,4
5294,2
5297,7
5299,4
5300,1
5301,2
5303,5
5304,7
5306,2
5307,1
5308,1
5310,4
5311,1
5312,5
5313,4
5315,3
5316,5
5318,5
5319,2
5320,1
5321,5
5322,7
5323,2
5324,4
5325,4
5326,6
5327,7
5328,2
5329,1
5331,2
5332,2
5334,3
5335,5
5336,4
5337,5
5339,3
5340,3
5341,7
5342,5
5344,1
5345,1
5346,3
5349,7
5350,2
5354,5
5355,7
5356,3
5357,1
5358,5
5360,4
5362,4
5363,4
5364,5
5366,3
5369,5
5370,2
5371,1
5372,2
5373,2
5374,3
5375,2
5376,2
5378,5
5379,3
5380,2
5381,3
5383,5
5385,2
5386,4
5389,3
5390,5
5392,4
5393,4
5395,4
5396,1
5400,2
5402,1
5403,4
5404,5
5405,1
5406,1
5407,1
5408,3
5411,4
5414,7
5416,1
5417,4
5418,2
5419,2
5421,1
5422,5
5423,1
5425,3
5426,5
5427,2
5428,4
5429,2
5430,4
5431,2
5432,3
5433,1
5434,1
5435,4
5436,3
5437,5
5438,5
5439,1
5440,1
5441,5
5442,4
5443,2
5444,4
5445,4
5448,5
5449,3
5450,1
5452,1
5453,3
5454,2
5455,1
5456,5
5457,3
5459,5
5460,1
5461,4
5462,4
5463,3
5464,7
5465,6
5466,1
5467,4
5468,2
5469,2
5471,3
5472,4
5473,3
5475,5
5477,1
5478,2
5480,3
5482,7
5486,3
5487,5
5488,1
5490,5
5491,1
5494,7
5495,3
5497,4
5499,3
5500,3
5501,2
5503,2
5505,3
5507,4
5508,5
5509,4
5510,4
5511,5
5513,3
5514,3
5516,1
5517,2
5518,3
5519,4
5520,1
5521,2
5522,1
5523,4
5526,4
5527,3
5529,4
5530,4
5531,7
5532,2
5533,3
5534,5
5535,3
5536,1
5537,5
5539,3
5540,3
5541,1
5542,4
5543,2
5544,5
5545,4
5546,3
5547,1
5548,4
5549,1
5550,5
5551,1
5552,6
5553,5
5554,1
5555,1
5556,6
5557,1
5559,5
5561,4
5563,1
5564,3
5565,4
5566,7
5567,2
5568,7
5571,3
5572,1
5574,1
5575,7
5576,4
5577,3
5578,4
5579,2
5581,1
5582,4
5583,5
5584,3
5585,4
5587,2
5588,3
5591,3
5592,4
5594,2
5595,2
5596,5
5598,4
5599,5
5600,3
5601,4
5602,1
5603,1
5605,1
5606,3
5608,4
5609,1
5610,2
5611,5
5612,3
5613,1
5614,1
5615,5
5616,1
5617,2
5619,3
5621,1
5622,1
5623,5
5624,4
5628,3
5631,1
5632,2
5636,2
5638,3
5639,1
5640,3
5641,1
5642,4
5643,5
5644,1
5645,4
5647,1
5648,4
5649,5
5650,5
5651,7
5653,3
5654,1
5656,7
5657,3
5660,7
5661,3
5662,3
5663,2
5664,2
5665,4
5667,4
5668,5
5669,7
5670,5
5671,1
5673,3
5674,4
5675,3
5676,3
5678,1
5680,5
5681,2
5682,1
5683,7
5685,7
5688,1
5689,5
5690,3
5691,3
5692,5
5693,5
5694,3
5695,4
5696,1
5697,2
5698,4
5699,4
5702,5
5704,3
5705,5
5706,4
5708,2
5709,3
5710,4
5711,2
5712,4
5713,7
5714,5
5715,5
5717,7
5718,5
5719,4
5721,4
5723,1
5724,3
5725,4
5726,2
5727,5
5728,4
5729,2
5730,3
5732,1
5733,2
5734,1
5735,2
5736,1
5737,5
5738,5
5739,3
5741,2
5742,7
5743,1
5746,3
5747,7
5748,1
5749,1
5753,7
5754,4
5755,3
5756,4
5757,1
5760,4
5761,1
5763,4
5764,5
5765,2
5766,4
5767,7
5769,3
5770,1
5772,3
5774,3
5775,1
5778,4
5779,4
5780,1
5781,2
5782,6
5785,4
5786,4
5788,1
5789,7
5790,6
5791,4
5792,1
5793,2
5795,3
5796,5
5797,1
5798,5
5799,2
5800,1
5801,3
5803,1
5804,7
5805,3
5806,2
5808,3
5810,7
5812,3
5813,4
5816,1
5817,1
5819,7
5820,7
5822,2
5823,4
5828,2
5829,5
5831,2
5832,3
5833,3
5834,3
5835,4
5836,3
5837,2
5838,1
5841,3
5843,3
5844,3
5845,7
5846,1
5847,2
5848,5
5850,1
5851,7
5853,1
5854,2
5855,1
5856,1
5858,2
5859,3
5861,6
5862,4
5863,3
5865,2
5867,3
5868,5
5869,1
5870,4
5871,2
5873,3
5874,2
5875,4
5877,4
5878,5
5879,7
5880,3
5881,5
5882,7
5885,3
5886,4
5887,5
5888,3
5889,6
5890,4
5891,1
5892,1
5893,1
5894,3
5896,2
5898,4
5899,3
5900,3
5901,3
5902,3
5903,1
5904,7
5905,2
5906,2
5907,1
5908,4
5909,1
5910,2
5912,3
5913,1
5914,3
5915,1
5916,1
5917,4
5919,7
5920,3
5921,4
5922,4
5923,4
5925,1
5927,4
5929,4
5930,1
5931,2
5932,1
5934,5
5935,3
5936,2
5937,3
5938,7
5940,4
5942,4
5944,7
5945,4
5946,2
5948,2
5952,4
5953,5
5954,5
5955,3
5958,4
5960,3
5961,1
5963,4
5964,7
5966,1
5967,5
5968,3
5969,3
5970,1
5972,3
5973,1
5974,1
5976,1
5977,4
5978,7
5980,2
5981,4
5984,1
5985,3
5986,4
5987,4
5988,7
5989,3
5991,7
5992,7
5994,3
5995,5
5997,1
5998,3
5999,1
6001,4
6002,2
6003,3
6004,3
6006,5
6008,4
6009,4
6011,7
6012,5
6013,4
6014,1
6015,3
6016,3
6017,1
6018,1
6019,4
6022,1
6023,4
6025,1
6026,1
6028,1
6029,4
6030,1
6031,3
6032,3
6033,1
6035,3
6036,4
6037,5
6039,3
6040,2
6041,4
6042,3
6043,2
6044,3
6045,1
6046,5
6048,3
6049,1
6051,3
6052,1
6053,7
6054,1
6055,2
6057,4
6058,4
6060,1
6062,4
6064,4
6065,3
6069,2
6071,1
6072,3
6074,4
6075,4
6076,5
6077,1
6078,4
6079,4
6081,7
6082,4
6083,2
6084,2
6085,4
6087,1
6088,2
6089,2
6090,2
6091,2
6094,1
6095,3
6096,4
6097,5
6098,3
6099,3
6100,3
6101,2
6102,4
6103,3
6104,1
6105,2
6106,4
6107,5
6108,5
6109,3
6110,4
6111,1
6113,4
6114,2
6115,4
6116,5
6117,5
6118,3
6119,4
6120,6
6121,7
6122,2
6123,7
6124,3
6125,1
6126,7
6127,7
6128,1
6130,7
6131,1
6132,1
6133,4
6134,3
6137,2
6139,1
6140,5
6142,1
6143,2
6144,5
6146,4
6147,3
6148,4
6149,3
6151,4
6152,4
6153,3
6155,1
6156,5
6157,7
6158,3
6159,1
6160,2
6161,3
6162,1
6163,2
6165,4
6166,5
6168,2
6169,2
6170,6
6171,1
6173,4
6174,5
6176,1
6177,4
6178,3
6180,7
6182,4
6183,2
6184,7
6185,2
6186,4
6187,7
6188,3
6189,2
6190,1
6191,1
6192,1
6193,6
6195,4
6196,2
6198,2
6200,6
6201,7
6202,4
6203,4
6204,7
6206,1
6207,4
6208,7
6209,2
6210,3
6211,1
6212,4
6213,2
6214,7
6215,4
6216,5
6217,1
6218,1
6220,1
6221,3
6222,2
6223,2
6224,2
6226,2
6227,1
6230,4
6231,4
6232,2
6233,4
6235,4
6236,7
6238,7
6239,2
6240,1
6241,3
6242,4
6243,2
6244,4
6246,1
6247,1
6248,7
6249,4
6250,3
6251,2
6252,2
6253,4
6254,5
6255,4
6256,3
6257,4
6258,4
6259,5
6260,2
6263,3
6264,6
6265,5
6267,1
6268,1
6269,2
6270,4
6271,5
6273,1
6274,1
6275,5
6276,1
6277,4
6278,2
6279,3
6280,3
6281,1
6282,2
6283,2
6284,4
6286,5
6287,4
6288,4
6289,7
6290,5
6291,4
6292,5
6293,3
6295,7
6296,3
6297,4
6298,1
6299,7
6300,5
6301,5
6302,3
6303,2
6305,2
6307,3
6308,5
6309,2
6310,3
6311,7
6313,2
6314,1
6315,4
6316,7
6317,4
6318,3
6319,2
6320,3
6321,2
6322,3
6323,3
6324,3
6325,2
6326,2
6328,5
6329,3
6331,3
6332,2
6335,5
6336,3
6337,1
6338,1
6340,4
6341,3
6343,1
6344,4
6345,3
6346,5
6347,7
6349,3
6351,5
6352,4
6353,7
6354,4
6355,3
6356,1
6357,5
6358,7
6359,2
6360,5
6361,3
6362,4
6363,1
6364,4
6365,1
6366,2
6367,4
6368,3
6370,4
6372,1
6373,4
6375,1
6377,7
6378,2
6380,1
6381,7
6382,5
6383,3
6385,2
6387,1
6389,5
6391,2
6392,5
6394,3
6396,3
6397,1
6399,7
6400,4
6402,3
6403,3
6404,3
6405,3
6406,1
6409,2
6410,4
6411,3
6412,3
6413,5
6414,2
6415,7
6416,3
6417,6
6418,2
6419,2
6420,7
6421,2
6423,5
6424,7
6425,3
6426,4
6427,4
6428,1
6429,3
6430,3
6433,1
6434,2
6435,2
6436,2
6441,1
6442,4
6443,1
6445,4
6446,7
6447,1
6448,4
6450,5
6451,4
6452,3
6454,3
6456,2
6457,4
6458,3
6459,2
6460,1
6462,3
6463,5
6464,3
6465,5
6467,4
6470,2
6471,5
6472,1
6474,4
6475,1
6476,6
6478,5
6479,4
6480,2
6481,1
6482,1
6483,3
6484,2
6486,3
6488,5
6489,6
6490,2
6491,7
6492,2
6493,2
6494,2
6496,3
6497,4
6498,3
6499,7
6500,2
6501,2
6502,5
6503,2
6504,3
6505,1
6506,3
6507,3
6508,4
6509,3
6510,4
6511,6
6512,4
6513,3
6514,1
6515,4
6516,1
6517,1
6518,4
6519,7
6520,3
6521,1
6522,3
6523,4
6524,2
6525,7
6526,7
6527,1
6528,4
6530,3
6531,1
6533,5
6535,4
6537,3
6538,4
6541,5
6542,4
6544,1
6545,4
6546,3
6548,2
6549,4
6550,1
6553,4
6554,1
6555,1
6556,3
6558,2
6559,6
6560,7
6561,5
6564,7
6565,1
6566,2
6567,5
6568,1
6569,2
6570,3
6571,3
6572,3
6573,7
6574,3
6577,1
6578,3
6580,4
6581,4
6582,1
6583,4
6585,3
6586,4
6587,1
6588,1
6589,4
6590,1
6591,5
6592,5
6593,1
6594,5
6595,7
6596,3
6597,7
6600,3
6603,1
6604,4
6605,4
6607,3
6608,5
6609,2
6610,1
6611,4
6612,1
6614,3
6615,3
6616,1
6617,3
6618,7
6619,4
6620,3
6621,4
6622,3
6624,5
6625,4
6626,2
6627,3
6628,1
6631,4
6632,4
6633,4
6634,2
6635,4
6636,3
6637,4
6638,2
6639,2
6640,1
6642,1
6643,6
6644,2
6645,1
6646,1
6648,3
6649,4
6650,4
6651,3
6652,3
6653,3
6654,4
6656,1
6658,3
6659,3
6660,1
6661,7
6662,3
6664,3
6667,4
6668,7
6669,1
6671,4
6672,3
6673,1
6674,2
6675,4
6677,2
6678,1
6680,2
6681,2
6682,2
6683,4
6684,4
6685,1
6687,5
6690,3
6692,1
6694,4
6695,7
6696,2
6697,4
6699,3
6700,3
6701,4
6706,1
6707,4
6708,3
6711,7
6712,3
6715,2
6716,3
6717,2
6718,1
6719,2
6721,5
6722,2
6723,3
6725,3
6728,5
6729,7
6730,3
6731,2
6733,5
6736,3
6737,3
6738,4
6741,2
6742,1
6743,4
6744,4
6746,3
6747,4
6749,4
6750,3
6751,1
6752,4
6754,3
6755,1
6756,3
6757,2
6758,1
6760,3
6761,1
6762,1
6763,7
6765,1
6766,7
6769,1
6770,4
6772,4
6773,1
6774,3
6775,5
6776,5
6777,2
6778,1
6779,5
6780,3
6781,3
6782,1
6783,3
6785,1
6786,2
6787,4
6788,1
6789,1
6790,3
6791,4
6792,5
6793,1
6797,3
6798,2
6799,3
6800,6
6801,3
6802,1
6803,1
6805,2
6806,4
6810,2
6811,3
6815,4
6817,2
6818,1
6820,4
6822,3
6824,2
6825,3
6827,3
6829,1
6831,4
6832,1
6833,3
6835,1
6836,4
6837,1
6838,2
6840,3
6843,4
6844,4
6846,4
6847,3
6848,1
6849,3
6850,5
6851,1
6853,1
6854,7
6855,4
6856,2
6857,4
6858,2
6859,7
6860,3
6861,4
6862,1
6863,4
6864,1
6865,1
6866,1
6868,5
6870,3
6873,1
6874,4
6875,1
6879,3
6880,2
6881,4
6882,5
6883,4
6884,2
6885,3
6886,2
6887,2
6888,3
6891,5
6892,3
6893,2
6894,7
6895,2
6897,4
6898,5
6899,4
6900,5
6902,3
6903,4
6904,2
6905,1
6906,2
6907,1
6910,5
6911,1
6912,2
6914,4
6916,3
6917,3
6918,3
6919,5
6921,1
6923,1
6924,3
6926,5
6927,1
6928,3
6930,5
6932,3
6933,2
6934,4
6935,2
6936,3
6937,4
6938,1
6940,1
6941,4
6943,3
6944,3
6945,1
6946,5
6947,2
6948,5
6949,3
6950,1
6951,3
6952,5
6953,1
6954,3
6955,2
6958,7
6960,3
6961,1
6963,1
6966,3
6969,1
6970,2
6971,4
6972,1
6975,3
6976,5
6977,4
6979,4
6980,1
6982,2
6984,2
6987,5
6989,3
6990,4
6991,2
6992,3
6994,4
6995,3
6996,1
6997,3
6998,4
6999,1
7000,5
7002,5
7004,4
7005,2
7006,3
7007,7
7009,1
7010,1
7011,5
7013,3
7014,7
7015,5
7016,4
7018,3
7019,3
7020,5
7021,4
7022,7
7023,2
7024,4
7025,1
7026,2
7027,6
7029,5
7031,3
7033,7
7034,3
7035,5
7036,4
7037,3
7039,3
7040,5
7041,1
7042,4
7045,3
7046,7
7048,2
7049,3
7050,3
7053,4
7055,1
7056,1
7057,2
7058,3
7059,4
7060,7
7061,4
7063,3
7064,3
7065,7
7067,3
7068,5
7069,3
7071,3
7073,5
7074,6
7075,4
7077,1
7079,1
7081,7
7085,5
7086,4
7087,4
7088,4
7089,4
7090,1
7091,2
7092,1
7093,3
7095,4
7097,3
7100,7
7102,5
7103,5
7104,6
7105,1
7106,5
7107,2
7108,2
7109,3
7111,1
7112,1
7113,5
7114,4
7115,1
7118,2
7120,2
7121,6
7122,4
7124,1
7125,5
7127,2
7128,4
7129,3
7130,4
7132,1
7133,5
7134,1
7136,2
7139,4
7140,4
7141,4
7142,4
7143,3
7144,1
7145,1
7147,3
7148,2
7150,3
7151,1
7152,3
7153,2
7154,3
7155,1
7156,1
7157,3
7159,4
7161,5
7163,2
7164,2
7166,5
7167,3
7169,4
7170,5
7171,3
7172,2
7173,1
7174,4
7175,5
7176,3
7177,2
7178,3
7179,5
7180,3
7181,4
7182,2
7183,4
7185,5
7186,3
7187,4
7188,3
7189,3
7190,4
7192,3
7193,4
7194,7
7195,5
7196,3
7197,4
7199,3
7200,2
7202,1
7203,2
7205,3
7206,7
7207,3
7208,3
7209,4
7210,7
7211,6
7213,1
7214,4
7216,7
7217,4
7219,1
7220,3
7222,7
7223,5
7224,3
7226,3
7227,3
7228,4
7230,4
7231,4
7232,3
7233,3
7236,4
7237,4
7239,3
7240,2
7241,5
7242,7
7243,4
7244,4
7245,3
7246,5
7247,4
7249,3
7250,3
7252,5
7254,3
7255,7
7256,1
7257,7
7259,5
7260,2
7261,1
7263,4
7264,3
7266,2
7267,7
7269,5
7270,4
7272,5
7273,3
7275,5
7276,2
7277,7
7280,7
7281,5
7282,1
7283,1
7284,3
7285,2
7286,3
7287,1
7288,1
7290,1
7293,3
7295,2
7298,1
7299,1
7300,3
7301,4
7302,3
7303,5
7305,4
7306,1
7309,3
7311,4
7312,2
7313,3
7315,4
7316,3
7317,3
7319,3
7320,1
7321,4
7322,1
7323,2
7324,1
7326,3
7327,4
7328,4
7329,7
7330,5
7331,3
7332,1
7333,3
7334,1
7335,4
7336,1
7337,5
7338,1
7339,4
7341,6
7342,5
7343,5
7344,4
7345,5
7348,3
7349,1
7350,4
7351,3
7352,3
7353,1
7354,2
7355,4
7356,2
7357,3
7358,5
7359,5
7361,4
7362,1
7364,1
7365,7
7366,4
7368,1
7369,5
7370,1
7374,3
7376,5
7377,5
7378,4
7379,3
7380,1
7383,1
7384,1
7385,4
7386,1
7387,2
7388,4
7390,3
7393,1
7394,4
7395,1
7396,5
7397,2
7399,7
7400,1
7401,1
7402,3
7404,1
7405,5
7407,7
7408,4
7409,2
7410,2
7411,3
7412,4
7413,4
7414,3
7415,3
7417,5
7418,2
7419,3
7420,2
7421,2
7423,3
7424,2
7425,4
7426,4
7427,5
7428,7
7429,4
7430,4
7431,3
7432,2
7433,4
7434,7
7436,3
7438,1
7439,3
7440,5
7442,5
7443,3
7447,1
7449,4
7450,1
7451,4
7452,5
7457,1
7458,3
7459,5
7460,2
7461,1
7462,3
7465,3
7466,3
7468,2
7469,7
7470,7
7472,5
7473,5
7475,2
7476,4
7477,3
7478,2
7480,3
7481,5
7482,2
7483,4
7484,7
7485,2
7486,2
7487,3
7488,3
7489,2
7492,3
7497,3
7498,4
7499,1
7500,3
7501,4
7502,7
7503,4
7504,1
7505,3
7506,3
7507,1
7508,4
7510,1
7511,4
7512,3
7514,1
7515,3
7517,4
7518,2
7520,2
7522,3
7526,3
7529,5
7530,1
7532,1
7533,4
7534,3
7535,2
7536,6
7539,2
7540,5
7541,5
7542,1
7543,1
7544,1
7547,2
7549,3
7550,6
7551,3
7552,1
7553,5
7554,5
7555,4
7557,4
7558,5
7559,3
7560,3
7561,1
7562,4
7563,4
7564,1
7566,5
7567,4
7568,3
7569,3
7572,3
7573,5
7574,3
7575,2
7576,2
7577,2
7578,1
7579,4
7581,1
7582,1
7583,7
7584,3
7586,5
7587,2
7590,5
7591,6
7593,1
7594,1
7595,1
7596,4
7597,4
7598,3
7599,1
7600,3
7601,1
7604,1
7605,3
7606,3
7608,2
7609,3
7610,7
7611,1
7612,4
7615,1
7616,3
7617,7
7619,3
7620,7
7621,5
7622,3
7623,2
7624,3
7625,7
7627,3
7628,3
7629,1
7630,2
7631,3
7632,1
7634,2
7636,1
7637,2
7640,3
7641,5
7643,3
7644,3
7645,1
7646,5
7647,7
7648,1
7650,3
7651,1
7652,4
7658,2
7662,5
7664,2
7665,1
7666,4
7667,1
7668,1
7669,7
7670,1
7671,2
7673,1
7674,2
7675,1
7677,5
7678,1
7679,1
7680,7
7681,1
7684,1
7685,4
7686,3
7687,1
7688,4
7690,1
7691,7
7692,3
7694,4
7696,4
7697,2
7698,2
7699,2
7700,1
7702,3
7705,3
7706,3
7708,5
7709,4
7710,3
7711,4
7712,3
7713,3
7716,1
7717,4
7719,5
7720,4
7721,1
7722,4
7725,4
7726,5
7727,1
7729,3
7730,4
7731,5
7735,4
7736,7
7737,1
7738,4
7743,4
7744,5
7745,1
7747,3
7749,4
7750,7
7751,5
7752,4
7753,7
7754,2
7755,2
7756,3
7758,2
7759,1
7761,3
7762,4
7763,5
7764,2
7765,5
7766,2
7767,4
7768,5
7769,3
7770,1
7771,7
7772,5
7774,2
7777,1
7778,3
7779,4
7780,1
7783,4
7787,5
7788,3
7789,1
7790,3
7791,4
7792,3
7793,5
7795,3
7796,1
7797,5
7798,5
7801,3
7802,2
7804,4
7805,4
7807,3
7808,7
7810,1
7811,1
7812,3
7814,1
7815,2
7816,2
7817,5
7818,6
7819,7
7821,4
7822,4
7823,5
7824,5
7825,7
7827,5
7830,3
7832,2
7834,1
7838,3
7839,5
7840,1
7841,1
7842,3
7843,4
7844,7
7845,7
7848,4
7849,3
7850,3
7851,7
7852,5
7853,6
7854,5
7855,4
7856,5
7857,5
7858,3
7859,2
7862,4
7864,1
7865,3
7866,1
7867,6
7868,3
7869,1
7870,7
7872,1
7873,3
7876,3
7877,4
7878,5
7879,1
7880,3
7882,5
7883,3
7884,3
7885,3
7887,1
7888,3
7890,1
7891,3
7892,2
7893,2
7894,4
7895,5
7896,3
7897,5
7898,2
7899,2
7900,5
7901,2
7905,1
7906,1
7907,3
7908,7
7909,1
7910,1
7911,4
7912,7
7913,1
7914,1
7917,5
7918,1
7920,3
7921,3
7923,2
7924,3
7926,4
7927,1
7928,7
7929,3
7930,2
7931,1
7932,4
7933,4
7934,3
7935,7
7936,2
7937,2
7938,2
7939,2
7940,3
7943,2
7944,4
7945,3
7946,2
7947,5
7948,3
7949,5
7950,7
7951,7
7952,3
7955,3
7956,3
7961,1
7963,1
7965,7
7966,2
7968,2
7969,4
7970,1
7972,3
7973,2
7974,5
7975,5
7976,3
7977,2
7978,5
7979,4
7980,4
7982,2
7983,2
7984,3
7985,2
7986,2
7987,4
7989,1
7991,1
7993,1
7996,2
7997,5
7998,1
8000,3
8002,1
8005,4
8007,7
8008,5
8010,3
8012,2
8015,1
8016,1
8017,5
8018,1
8019,2
8021,3
8022,1
8023,2
8024,4
8025,5
8026,1
8027,7
8028,3
8030,1
8031,4
8032,2
8033,7
8034,3
8035,4
8038,5
8040,1
8042,1
8043,5
8045,2
8047,4
8048,1
8049,5
8050,1
8051,1
8052,1
8053,5
8055,3
8056,4
8057,4
8059,1
8060,3
8061,3
8062,3
8064,2
8065,3
8066,4
8069,4
8071,4
8072,7
8074,3
8076,3
8077,4
8078,4
8079,4
8082,5
8084,5
8085,5
8086,7
8087,2
8088,1
8089,1
8090,1
8091,1
8092,4
8093,1
8094,1
8095,2
8096,2
8097,7
8098,5
8099,3
8100,1
8101,1
8104,4
8105,6
8106,4
8107,3
8108,7
8109,4
8113,4
8116,1
8117,1
8118,5
8120,4
8121,5
8122,5
8123,1
8125,3
8128,1
8129,2
8132,4
8133,1
8134,1
8135,1
8136,2
8137,2
8138,5
8139,4
8140,4
8141,5
8142,4
8144,7
8146,4
8147,1
8148,1
8151,4
8152,2
8155,3
8156,4
8157,2
8158,5
8160,3
8161,4
8162,4
8163,5
8166,5
8167,1
8168,3
8169,3
8170,1
8171,3
8174,2
8175,3
8176,4
8177,3
8178,2
8179,4
8180,1
8181,3
8185,3
8186,5
8187,3
8188,2
8190,4
8191,4
8192,5
8194,1
8195,3
8197,4
8199,7
8200,1
8203,2
8204,1
8205,5
8208,3
8209,3
8210,1
8213,2
8214,4
8215,3
8216,3
8217,2
8218,5
8219,5
8220,1
8221,2
8222,1
8223,1
8224,2
8225,3
8226,3
8228,5
8229,2
8231,1
8232,7
8233,3
8234,1
8235,5
8236,1
8238,5
8239,2
8240,5
8241,3
8242,4
8243,5
8245,2
8247,4
8250,1
8252,3
8253,1
8254,3
8255,2
8256,6
8258,4
8259,5
8260,2
8261,4
8263,1
8264,2
8265,3
8266,3
8269,4
8270,2
8272,3
8275,1
8276,2
8277,1
8278,1
8279,1
8282,5
8284,4
8285,7
8286,5
8289,7
8290,5
8291,3
8292,3
8293,5
8294,1
8297,2
8298,1
8299,2
8301,2
8303,1
8304,7
8305,3
8306,7
8307,4
8309,1
8310,1
8311,1
8312,4
8313,1
8316,3
8317,3
8319,4
8320,4
8321,2
8323,7
8325,4
8327,2
8328,4
8330,1
8331,2
8332,4
8334,3
8336,5
8337,5
8339,4
8340,2
8342,1
8343,3
8345,2
8346,2
8347,1
8348,1
8351,2
8352,4
8353,3
8355,1
8356,4
8357,3
8358,1
8359,3
8360,3
8361,4
8362,1
8363,7
8365,1
8367,3
8368,4
8371,3
8372,7
8373,4
8375,1
8376,7
8377,1
8378,1
8379,5
8381,3
8382,1
8383,4
8384,4
8386,4
8388,5
8389,2
8391,3
8392,1
8394,3
8395,2
8398,4
8399,2
8401,1
8403,3
8404,1
8406,7
8408,3
8409,3
8410,3
8412,4
8413,1
8414,2
8415,4
8416,3
8417,6
8418,3
8419,3
8420,7
8422,4
8423,4
8424,5
8425,3
8427,2
8428,5
8432,1
8434,7
8437,1
8438,2
8439,1
8442,1
8443,1
8444,5
8446,2
8447,5
8449,4
8452,3
8454,1
8455,3
8456,3
8459,2
8460,4
8461,7
8462,4
8463,2
8464,3
8465,7
8467,5
8468,5
8469,3
8470,2
8471,1
8473,4
8475,4
8476,3
8477,4
8478,2
8480,4
8481,2
8483,2
8484,3
8486,4
8487,3
8489,1
8491,3
8493,5
8494,2
8495,7
8496,3
8498,3
8499,4
8500,4
8501,1
8503,2
8505,4
8507,2
8508,2
8510,2
8512,7
8514,3
8515,4
8517,5
8518,1
8519,1
8521,1
8523,2
8524,3
8526,1
8531,1
8532,1
8533,3
8534,1
8537,2
8539,7
8540,2
8542,3
8543,5
8544,4
8545,7
8546,2
8547,2
8548,3
8549,2
8550,3
8551,3
8552,4
8553,3
8554,2
8558,1
8559,3
8560,5
8561,2
8563,5
8564,4
8565,3
8566,7
8567,7
8568,4
8569,5
8570,1
8574,2
8575,2
8576,5
8577,4
8578,5
8580,3
8581,3
8582,4
8583,4
8584,3
8585,3
8588,1
8589,5
8592,5
8593,1
8594,2
8596,4
8598,1
8600,5
8605,3
8606,2
8607,4
8608,2
8610,5
8611,4
8612,2
8613,4
8614,7
8618,5
8620,1
8621,1
8622,1
8623,2
8625,1
8626,5
8627,2
8628,7
8631,2
8632,3
8634,2
8635,1
8636,5
8637,5
8638,4
8639,1
8640,1
8641,1
8643,4
8644,3
8645,1
8647,3
8649,2
8650,1
8651,2
8652,4
8653,3
8654,1
8656,4
8657,3
8658,7
8660,2
8662,3
8663,5
8665,3
8669,5
8670,4
8671,2
8672,3
8673,7
8677,5
8678,7
8679,3
8680,5
8681,1
8682,5
8683,3
8684,6
8685,7
8686,6
8687,5
8688,4
8689,3
8690,5
8692,1
8697,1
8698,4
8699,3
8701,4
8702,3
8703,7
8704,3
8706,5
8707,5
8708,4
8709,1
8710,4
8711,4
8713,5
8714,3
8715,3
8717,2
8718,1
8719,5
8720,1
8721,4
8723,3
8724,4
8726,7
8727,5
8728,2
8729,4
8730,7
8731,3
8732,3
8733,3
8734,3
8735,2
8738,3
8739,3
8741,1
8742,5
8746,1
8747,3
8748,2
8749,4
8750,3
8752,3
8755,4
8758,2
8759,1
8760,2
8761,6
8762,1
8763,3
8765,1
8766,5
8767,2
8768,3
8769,2
8770,4
8773,1
8774,1
8779,1
8780,3
8782,2
8783,1
8784,2
8785,5
8786,4
8788,1
8789,2
8790,3
8791,1
8794,1
8795,7
8796,4
8797,2
8799,5
8800,3
8801,5
8802,2
8803,4
8804,5
8805,3
8806,5
8807,3
8809,7
8810,3
8812,3
8813,3
8814,7
8816,4
8817,1
8818,5
8819,7
8821,5
8822,4
8823,2
8824,1
8825,3
8826,3
8827,3
8828,2
8829,7
8830,5
8832,1
8833,4
8834,3
8835,5
8837,4
8838,2
8839,5
8840,1
8841,4
8842,2
8843,3
8844,3
8845,1
8846,1
8847,3
8848,4
8850,3
8851,1
8852,4
8853,3
8854,3
8856,4
8858,1
8860,3
8861,5
8862,3
8863,3
8866,2
8867,2
8868,5
8869,2
8870,3
8871,1
8872,3
8874,3
8875,7
8876,4
8877,3
8880,2
8881,1
8882,4
8883,3
8885,3
8886,3
8887,4
8888,3
8889,5
8891,4
8892,3
8894,2
8896,2
8897,7
8899,1
8901,2
8902,2
8904,2
8905,5
8906,7
8907,1
8908,1
8912,3
8916,3
8919,3
8920,3
8921,3
8922,3
8924,3
8925,1
8926,3
8929,2
8930,1
8931,1
8932,3
8933,3
8934,3
8937,3
8938,2
8940,3
8942,7
8944,2
8946,3
8947,2
8948,5
8949,4
8951,1
8952,5
8958,1
8959,2
8960,2
8961,2
8962,4
8964,1
8965,3
8967,5
8968,2
8969,5
8970,1
8971,2
8972,3
8974,7
8976,3
8982,4
8984,3
8985,5
8986,2
8987,4
8989,3
8990,5
8991,1
8992,3
8994,1
8996,3
8998,2
9000,2
9001,2
9003,5
9005,4
9006,1
9007,5
9008,1
9009,3
9010,7
9011,1
9012,1
9013,5
9015,2
9017,4
9020,4
9021,4
9023,1
9024,1
9025,2
9026,3
9028,4
9030,4
9033,3
9034,2
9037,4
9038,3
9039,4
9040,2
9041,4
9042,5
9043,3
9044,1
9045,3
9046,4
9047,3
9049,5
9050,2
9052,1
9053,4
9054,3
9055,4
9056,2
9057,4
9058,3
9059,3
9061,5
9062,1
9063,4
9065,4
9066,1
9068,3
9069,3
9070,3
9071,4
9072,4
9073,4
9074,4
9075,4
9076,4
9077,1
9079,1
9082,1
9084,1
9086,1
9087,7
9088,3
9089,1
9090,3
9091,3
9092,2
9095,4
9097,5
9098,2
9099,4
9100,1
9103,3
9104,6
9105,4
9106,4
9107,5
9110,2
9111,4
9112,5
9113,2
9115,3
9116,1
9117,1
9118,3
9119,5
9120,5
9121,1
9122,2
9123,4
9124,1
9125,3
9126,2
9127,1
9129,2
9130,4
9131,3
9133,4
9135,1
9136,7
9137,1
9138,2
9141,2
9142,4
9144,3
9145,2
9146,3
9153,4
9155,7
9156,1
9157,5
9158,1
9159,1
9162,2
9163,1
9164,5
9166,5
9167,5
9168,1
9169,1
9170,3
9173,3
9174,3
9175,3
9176,4
9179,1
9180,2
9182,3
9184,2
9185,1
9186,2
9187,1
9188,2
9189,3
9190,5
9192,5
9193,4
9194,2
9195,1
9196,1
9197,5
9199,5
9202,5
9203,1
9204,3
9205,3
9206,5
9207,4
9209,2
9210,1
9211,3
9212,2
9216,2
9217,1
9220,6
9221,2
9222,4
9223,7
9224,4
9225,5
9228,2
9229,1
9230,3
9231,5
9232,3
9233,1
9236,5
9237,2
9242,4
9244,2
9245,3
9247,2
9250,2
9251,5
9252,2
9255,4
9256,1
9258,1
9259,3
9260,1
9261,7
9262,5
9263,3
9265,7
9266,3
9268,5
9269,1
9271,2
9272,3
9274,5
9275,1
9277,1
9278,2
9280,3
9281,2
9283,3
9284,5
9285,4
9286,1
9287,5
9289,2
9291,4
9292,3
9293,1
9294,5
9295,2
9297,5
9298,4
9299,3
9300,2
9301,2
9302,7
9303,1
9304,3
9305,7
9306,2
9307,1
9308,3
9309,1
9310,4
9311,2
9312,2
9313,1
9314,4
9315,4
9318,2
9320,6
9321,4
9323,2
9324,5
9325,5
9326,4
9327,1
9329,2
9330,3
9331,2
9332,4
9333,2
9334,4
9340,7
9342,5
9343,1
9344,3
9345,3
9346,3
9347,2
9348,3
9349,3
9352,4
9353,2
9354,1
9355,5
9356,5
9357,5
9360,1
9362,3
9363,5
9364,3
9365,1
9366,1
9367,1
9368,4
9369,2
9370,2
9371,4
9372,3
9373,4
9374,3
9376,3
9377,3
9378,2
9379,2
9380,3
9381,5
9383,5
9384,4
9385,3
9386,1
9387,3
9388,1
9389,4
9390,3
9391,4
9392,7
9393,3
9394,3
9395,5
9396,1
9397,3
9399,1
9400,3
9401,4
9402,1
9403,3
9404,1
9405,3
9406,3
9407,4
9408,5
9409,1
9411,3
9413,2
9418,1
9419,3
9420,7
9422,1
9423,4
9424,4
9425,1
9426,3
9427,3
9430,3
9433,4
9434,3
9436,5
9438,4
9439,3
9440,7
9441,2
9443,3
9444,1
9446,1
9448,4
9450,2
9451,4
9454,3
9455,2
9456,2
9457,7
9458,2
9459,3
9462,1
9463,3
9465,3
9466,7
9467,2
9469,1
9470,1
9471,3
9472,1
9473,7
9474,3
9475,5
9476,5
9477,3
9478,1
9480,5
9482,3
9484,3
9485,5
9487,5
9488,4
9489,3
9490,3
9491,3
9492,4
9493,3
9494,7
9495,3
9496,5
9499,3
9501,2
9503,3
9504,1
9505,1
9506,5
9507,3
9508,4
9509,3
9510,4
9511,1
9512,5
9513,3
9516,5
9517,3
9518,1
9519,1
9520,2
9521,1
9522,7
9523,5
9524,2
9526,3
9531,3
9533,3
9534,4
9536,3
9539,5
9541,3
9542,1
9543,4
9544,5
9545,2
9546,3
9547,2
9548,1
9549,7
9550,3
9551,3
9552,3
9553,4
9554,1
9558,5
9559,3
9562,4
9563,1
9565,2
9567,1
9568,3
9569,1
9571,7
9572,5
9573,4
9574,2
9575,3
9576,4
9577,5
9578,3
9580,5
9583,2
9584,4
9585,3
9590,7
9591,6
9594,4
9595,1
9596,4
9597,7
9598,4
9599,5
9600,5
9601,1
9602,1
9603,4
9604,1
9605,5
9606,1
9608,3
9609,2
9610,2
9613,3
9614,3
9618,4
9619,1
9621,3
9622,1
9623,3
9624,1
9625,5
9626,2
9629,5
9630,4
9632,4
9633,3
9634,4
9636,1
9639,1
9640,1
9641,1
9642,3
9643,4
9644,7
9645,7
9646,3
9648,1
9649,1
9651,3
9652,2
9653,2
9654,4
9655,1
9656,7
9660,1
9661,3
9662,1
9664,1
9665,4
9667,5
9669,4
9670,3
9671,5
9672,3
9674,5
9676,5
9678,5
9681,2
9682,2
9683,2
9684,3
9685,3
9686,1
9687,5
9688,3
9689,3
9690,4
9691,3
9693,3
9696,3
9697,4
9699,1
9700,2
9701,3
9702,1
9703,4
9705,5
9706,4
9707,2
9708,7
9712,4
9713,3
9714,4
9715,3
9716,5
9717,7
9718,1
9719,2
9720,3
9721,4
9722,1
9725,4
9726,1
9727,1
9728,7
9729,4
9730,3
9733,3
9735,5
9736,4
9737,5
9739,1
9741,1
9742,2
9744,1
9745,4
9746,6
9747,1
9749,4
9750,3
9751,3
9752,1
9753,2
9754,1
9755,4
9756,5
9757,4
9759,2
9761,3
9762,3
9763,1
9765,1
9767,2
9768,4
9769,3
9770,5
9771,1
9776,1
9778,1
9779,4
9780,1
9781,3
9782,3
9783,1
9785,5
9786,3
9787,4
9788,4
9791,3
9794,3
9795,7
9796,3
9798,1
9799,7
9800,4
9801,4
9802,3
9803,3
9804,2
9807,5
9808,5
9809,3
9811,4
9812,5
9813,4
9814,3
9816,1
9817,4
9819,4
9820,2
9821,4
9822,1
9823,4
9826,1
9827,5
9828,1
9830,7
9831,1
9832,3
9833,3
9834,5
9835,7
9836,7
9838,4
9839,1
9841,1
9842,2
9843,2
9847,3
9848,4
9849,4
9850,1
9851,5
9854,3
9855,3
9857,4
9858,4
9859,3
9862,3
9863,4
9864,3
9866,1
9867,2
9868,4
9869,3
9870,4
9873,4
9877,3
9878,3
9880,3
9881,2
9882,3
9883,3
9884,1
9885,3
9888,1
9889,7
9890,3
9892,2
9893,2
9894,7
9896,3
9900,5
9902,5
9903,4
9904,4
9905,5
9906,2
9907,1
9908,1
9909,6
9910,3
9911,4
9912,1
9914,1
9915,1
9916,3
9917,1
9918,2
9920,1
9921,3
9922,3
9923,3
9924,1
9925,1
9926,7
9927,3
9929,3
9930,5
9932,4
9933,4
9934,5
9935,1
9936,3
9937,7
9938,4
9939,4
9940,3
9941,4
9942,1
9943,1
9945,5
9946,3
9947,1
9951,1
9952,3
9953,3
9954,3
9955,1
9957,5
9958,7
9959,4
9962,7
9964,3
9965,4
9967,4
9970,1
9971,1
9972,3
9973,2
9974,2
9975,1
9976,3
9977,2
9979,5
9982,3
9985,1
9987,2
9988,3
9990,4
9992,7
9993,2
9995,1
9996,7
9997,2
9998,2
9999,7
10001,3
10002,1
10003,3
10005,4
10006,3
10007,1
10008,4
10010,5
10011,2
10012,3
10014,4
10016,5
10017,3
10018,4
10020,5
10022,1
10024,3
10025,3
10026,1
10027,4
10028,3
10029,1
10030,3
10031,3
10032,4
10033,2
10034,4
10035,4
10036,4
10038,4
10039,3
10040,1
10041,1
10042,2
10043,5
10044,7
10045,5
10046,4
10047,3
10048,4
10049,1
10051,1
10054,7
10056,1
10057,4
10058,4
10060,2
10062,3
10063,4
10064,4
10065,4
10066,2
10068,1
10069,4
10071,2
10072,7
10073,4
10074,2
10075,1
10076,3
10078,2
10080,4
10081,4
10082,4
10083,3
10084,1
10085,3
10086,3
10087,1
10088,2
10089,2
10091,1
10092,4
10093,5
10095,1
10096,2
10098,1
10099,3
10100,3
10101,1
10102,3
10103,3
10105,1
10106,3
10107,1
10110,2
10111,4
10113,3
10114,3
10115,3
10116,5
10117,3
10119,3
10120,2
10122,4
10123,1
10125,2
10126,2
10127,1
10132,3
10135,1
10136,4
10140,1
10141,4
10142,2
10143,2
10144,1
10146,7
10148,5
10149,4
10150,3
10151,1
10152,3
10153,2
10155,2
10156,1
10157,5
10159,2
10160,4
10161,5
10162,3
10163,3
10164,7
10166,1
10167,4
10168,3
10169,1
10170,4
10171,1
10173,1
10174,4
10176,1
10177,3
10179,1
10180,4
10181,1
10182,4
10184,4
10185,7
10186,6
10187,3
10189,5
10190,5
10191,1
10192,3
10193,4
10194,3
10195,1
10196,3
10198,4
10199,5
10200,7
10201,5
10202,5
10203,4
10204,3
10205,1
10207,4
10209,6
10211,4
10212,3
10213,5
10215,3
10216,3
10217,3
10218,3
10220,2
10222,1
10223,3
10224,2
10225,4
10226,5
10228,7
10229,1
10230,3
10232,3
10233,3
10234,2
10235,4
10236,3
10237,3
10240,5
10241,3
10243,1
10244,1
10245,5
10247,4
10248,4
10249,3
10251,3
10252,7
10254,5
10255,4
10256,3
10257,4
10258,2
10262,3
10263,3
10264,3
10265,5
10267,3
10268,4
10273,4
10274,2
10276,5
10277,2
10279,5
10280,5
10282,1
10284,7
10285,3
10287,5
10288,5
10290,4
10292,4
10294,2
10296,3
10297,2
10298,3
10299,2
10300,4
10303,1
10304,1
10307,1
10308,1
10309,1
10310,4
10311,1
10312,7
10313,2
10314,1
10317,2
10318,3
10319,4
10320,2
10321,3
10324,1
10325,3
10327,2
10328,3
10330,3
10331,5
10332,4
10333,1
10334,5
10336,5
10337,4
10340,2
10341,2
10343,3
10344,5
10345,5
10346,1
10347,1
10349,4
10350,4
10351,5
10352,3
10353,5
10354,2
10355,1
10356,4
10357,4
10358,2
10359,3
10361,2
10362,1
10365,1
10366,5
10367,3
10368,4
10369,3
10372,2
10374,3
10378,4
10380,3
10381,1
10382,5
10383,1
10384,1
10387,4
10388,1
10389,5
10390,7
10391,1
10392,5
10393,3
10394,1
10395,2
10397,4
10398,5
10399,4
10401,1
10402,2
10403,5
10404,2
10405,2
10406,1
10407,4
10408,3
10409,1
10410,4
10411,3
10412,5
10414,3
10415,5
10416,3
10417,3
10418,1
10420,3
10421,2
10422,5
10424,1
10425,3
10426,1
10427,4
10428,4
10429,2
10431,3
10432,1
10434,3
10435,1
10437,3
10438,3
10440,4
10442,2
10444,4
10445,5
10446,4
10447,4
10449,3
10450,3
10451,3
10452,2
10453,3
10454,3
10456,5
10457,7
10458,3
10459,7
10461,7
10462,3
10463,3
10464,3
10465,3
10467,3
10468,1
10469,1
10471,1
10472,1
10474,7
10475,4
10476,6
10477,3
10479,4
10480,5
10482,5
10483,1
10484,2
10486,2
10487,3
10488,4
10489,1
10490,3
10491,1
10492,2
10494,4
10495,1
10496,3
10497,3
10499,4
10501,3
10502,2
10503,5
10504,2
10505,1
10506,4
10508,7
10509,5
10510,5
10511,2
10512,1
10513,1
10515,5
10516,1
10517,7
10518,1
10519,2
10520,2
10521,1
10522,2
10525,3
10526,2
10528,2
10530,2
10531,3
10532,5
10534,3
10535,3
10537,3
10538,4
10539,2
10540,4
10541,5
10542,3
10545,3
10546,4
10547,4
10548,3
10549,4
10550,7
10551,4
10552,1
10553,1
10554,1
10555,1
10556,5
10557,3
10558,3
10559,2
10561,5
10562,2
10564,1
10565,7
10566,4
10567,7
10569,1
10570,4
10572,3
10573,4
10574,1
10575,7
10576,7
10578,1
10579,5
10580,1
10581,4
10582,5
10583,2
10584,7
10585,3
10586,2
10587,1
10588,7
10589,1
10591,1
10592,3
10594,4
10595,7
10596,1
10597,4
10598,1
10599,7
10601,4
10602,3
10603,3
10604,5
10606,5
10607,3
10608,2
10613,4
10615,1
10616,3
10620,5
10621,3
10622,3
10623,4
10625,4
10626,7
10627,7
10628,2
10629,5
10632,5
10633,3
10634,3
10635,1
10636,4
10637,3
10638,1
10639,4
10640,1
10642,3
10643,5
10644,2
10645,2
10646,2
10647,3
10648,4
10650,2
10651,5
10652,1
10653,3
10654,2
10655,2
10658,3
10659,2
10661,1
10662,4
10664,4
10665,3
10666,3
10668,5
10669,5
10670,5
10671,3
10672,1
10673,6
10674,4
10677,1
10678,2
10680,4
10681,3
10683,3
10685,3
10686,7
10688,4
10693,5
10694,2
10696,1
10697,2
10698,4
10699,3
10700,4
10701,5
10704,5
10705,3
10707,2
10708,2
10709,5
10710,5
10712,1
10713,2
10715,4
10716,3
10717,4
10718,5
10719,3
10722,7
10723,3
10724,1
10726,3
10728,2
10729,5
10730,3
10732,3
10734,3
10736,5
10737,2
10739,2
10741,3
10742,2
10743,1
10745,4
10746,3
10747,1
10748,3
10749,4
10750,7
10751,3
10753,3
10755,3
10756,4
10757,4
10758,3
10759,4
10760,3
10762,3
10763,1
10764,4
10766,4
10767,2
10768,3
10769,3
10770,5
10771,4
10772,7
10773,2
10775,1
10778,4
10779,2
10780,2
10784,1
10785,2
10786,4
10787,4
10788,2
10789,2
10791,1
10793,2
10794,1
10795,2
10796,3
10797,4
10798,7
10799,1
10800,5
10802,3
10804,3
10805,4
10806,5
10808,7
10809,4
10810,5
10811,4
10813,1
10814,3
10815,7
10816,1
10817,3
10818,2
10820,2
10821,2
10825,3
10826,2
10828,2
10829,1
10831,4
10832,5
10833,5
10834,3
10835,3
10836,3
10837,2
10838,1
10839,1
10841,1
10842,7
10843,5
10844,4
10845,3
10847,1
10848,7
10849,3
10850,3
10852,1
10855,7
10856,5
10857,4
10858,2
10859,1
10860,7
10862,2
10863,2
10865,5
10866,4
10867,2
10869,1
10870,1
10871,4
10872,7
10873,3
10875,3
10876,3
10877,3
10880,3
10881,3
10882,4
10883,5
10884,1
10885,4
10888,2
10889,3
10890,5
10892,2
10893,3
10895,7
10896,3
10897,7
10898,5
10900,2
10901,2
10902,5
10905,4
10906,6
10907,3
10908,6
10909,1
10910,3
10911,1
10913,2
10915,4
10917,4
10918,1
10921,7
10922,3
10923,3
10924,4
10925,1
10927,3
10928,7
10929,5
10930,5
10931,5
10932,2
10933,2
10934,3
10936,3
10937,2
10938,4
10939,3
10940,1
10941,3
10942,1
10943,3
10946,5
10947,6
10949,1
10950,4
10951,3
10955,4
10956,3
10958,3
10959,3
10961,5
10962,2
10963,4
10964,7
10965,4
10968,4
10969,1
10970,1
10971,7
10973,1
10974,5
10976,3
10978,3
10980,3
10981,5
10983,3
10984,3
10985,1
10986,2
10987,1
10988,5
10989,4
10990,3
10991,1
10992,4
10994,1
10995,1
10997,1
10999,7
11000,4
11002,4
11003,5
11004,3
11005,5
11006,1
11007,1
11009,4
11010,3
11011,4
11012,4
11013,5
11014,1
11015,1
11016,5
11017,2
11020,3
11021,3
11022,1
11024,2
11025,4
11026,2
11027,5
11028,3
11030,5
11033,1
11034,1
11035,4
11037,2
11039,1
11040,3
11041,2
11043,3
11044,5
11045,7
11046,5
11047,4
11048,3
11049,5
11050,1
11051,7
11055,4
11058,2
11059,1
11060,3
11061,1
11062,3
11063,3
11064,1
11065,3
11068,3
11069,4
11072,5
11073,3
11075,7
11076,1
11077,2
11078,3
11079,4
11080,1
11081,3
11082,6
11084,3
11085,4
11086,1
11087,7
11089,4
11090,2
11094,2
11095,3
11096,3
11097,1
11099,5
11100,2
11102,1
11103,3
11104,2
11107,4
11108,2
11111,2
11113,1
11116,5
11117,5
11118,5
11119,3
11120,2
11121,3
11122,3
11123,3
11126,4
11127,2
11128,2
11129,5
11130,7
11131,4
11132,2
11134,1
11138,3
11139,1
11141,5
11142,3
11143,3
11145,1
11147,1
11148,2
11151,4
11152,1
11155,2
11156,3
11158,4
11159,1
11160,5
11161,3
11162,1
11164,2
11165,2
11166,3
11167,3
11169,2
11172,1
11173,1
11174,7
11175,5
11176,3
11177,1
11179,1
11180,1
11181,4
11185,5
11186,3
11187,1
11188,4
11191,4
11192,3
11193,4
11195,1
11197,5
11198,1
11199,3
11202,2
11203,5
11204,7
11206,1
11207,1
11208,3
11211,3
11212,1
11213,1
11214,3
11216,1
11217,3
11218,2
11220,4
11221,7
11223,2
11224,4
11225,1
11226,1
11229,2
11230,4
11231,1
11232,5
11233,2
11234,4
11236,5
11237,3
11238,2
11239,7
11241,4
11242,4
11243,7
11244,5
11246,3
11248,5
11250,3
11251,3
11252,5
11253,5
11254,3
11255,3
11256,5
11257,3
11258,1
11259,2
11260,2
11261,2
11262,2
11263,2
11264,4
11265,1
11266,3
11267,5
11268,1
11269,3
11270,2
11271,3
11272,1
11273,1
11274,1
11276,5
11277,3
11279,7
11280,3
11281,5
11282,4
11283,3
11285,1
11287,3
11288,3
11289,4
11290,3
11292,4
11293,3
11295,3
11296,1
11297,1
11299,2
11300,3
11301,2
11302,7
11303,7
11306,4
11307,2
11308,1
11309,5
11312,2
11315,3
11317,1
11318,4
11319,3
11321,4
11322,4
11324,3
11325,3
11326,3
11327,5
11331,2
11333,2
11336,7
11339,1
11340,4
11341,5
11342,3
11344,2
11345,2
11347,5
11348,2
11349,3
11350,5
11351,7
11353,5
11354,5
11356,1
11357,3
11358,1
11359,4
11363,1
11364,2
11365,5
11366,1
11367,5
11368,4
11369,3
11370,5
11371,4
11372,3
11373,5
11374,1
11376,3
11377,2
11378,2
11379,3
11383,1
11384,1
11385,7
11386,1
11387,5
11389,2
11390,3
11395,4
11396,3
11400,5
11401,5
11402,2
11404,5
11405,5
11406,3
11407,4
11408,5
11409,1
11410,1
11411,3
11412,1
11413,2
11414,3
11415,1
11418,3
11419,4
11421,3
11422,1
11423,3
11424,5
11425,3
11426,7
11428,2
11429,4
11430,2
11432,2
11434,1
11435,3
11436,3
11437,4
11438,1
11439,3
11441,1
11444,2
11445,4
11447,2
11450,2
11451,1
11452,3
11453,2
11454,3
11455,2
11456,1
11457,3
11458,4
11459,4
11460,2
11461,1
11464,1
11465,3
11466,2
11467,1
11468,2
11469,3
11472,2
11473,1
11474,3
11475,1
11476,5
11477,3
11478,4
11479,5
11481,3
11482,3
11483,4
11484,3
11485,2
11487,4
11489,4
11490,4
11491,3
11492,2
11494,1
11495,7
11496,5
11497,2
11499,2
11500,1
11501,2
11503,3
11504,3
11506,3
11507,1
11508,2
11509,1
11510,7
11512,7
11517,2
11520,4
11521,2
11522,5
11523,3
11525,2
11526,3
11528,2
11529,3
11530,4
11533,4
11535,4
11537,1
11538,1
11539,3
11540,3
11541,4
11543,5
11544,2
11545,5
11546,5
11547,1
11548,3
11549,2
11550,3
11551,1
11552,4
11553,7
11554,1
11555,2
11556,4
11557,4
11558,3
11559,7
11560,5
11563,7
11564,1
11565,4
11566,5
11567,3
11568,1
11569,1
11570,2
11571,1
11575,7
11576,3
11578,2
11579,5
11580,4
11581,3
11582,4
11583,1
11584,2
11585,5
11586,2
11588,2
11589,2
11590,4
11591,2
11592,5
11593,2
11594,4
11596,4
11599,7
11601,5
11604,1
11607,1
11608,4
11609,1
11610,4
11611,1
11613,2
11614,3
11615,1
11616,5
11617,3
11619,4
11620,5
11621,2
11622,4
11623,4
11626,5
11627,2
11629,3
11631,2
11632,5
11634,1
11636,2
11637,4
11638,2
11639,1
11640,1
11641,5
11642,4
11643,7
11645,1
11647,4
11648,3
11649,5
11650,4
11652,3
11654,4
11655,3
11656,5
11657,2
11658,1
11659,4
11660,1
11661,5
11663,2
11666,3
11667,1
11670,1
11671,3
11672,3
11673,7
11675,4
11676,2
11677,1
11678,4
11680,2
11682,3
11683,5
11684,1
11685,4
11686,1
11687,4
11689,1
11691,4
11692,4
11693,1
11694,3
11696,5
11697,4
11699,1
11701,4
11704,7
11705,2
11706,2
11707,4
11708,1
11710,5
11711,3
11712,2
11713,5
11714,4
11716,3
11718,2
11720,1
11721,7
11722,1
11724,3
11725,5
11727,4
11728,2
11729,3
11731,5
11733,3
11734,2
11735,2
11736,1
11738,4
11739,5
11740,5
11741,2
11742,1
11743,5
11745,4
11747,7
11748,3
11749,5
11751,4
11752,3
11753,5
11755,2
11756,1
11757,5
11758,3
11760,4
11761,4
11762,5
11765,5
11766,4
11767,3
11769,5
11770,2
11771,5
11772,7
11773,5
11774,4
11775,3
11776,4
11777,3
11779,1
11781,3
11782,1
11783,7
11784,4
11785,3
11786,2
11787,4
11789,2
11790,5
11791,5
11792,4
11796,3
11797,2
11798,1
11800,1
11801,3
11803,4
11804,3
11805,7
11806,5
11807,3
11808,2
11809,2
11810,2
11813,1
11814,1
11815,2
11816,4
11817,5
11818,4
11820,1
11821,4
11822,1
11823,2
11824,4
11825,4
11826,7
11827,4
11828,7
11830,3
11831,3
11832,1
11833,3
11834,2
11835,1
11838,1
11839,4
11840,3
11841,3
11842,3
11844,5
11845,1
11846,4
11848,3
11849,3
11853,1
11854,4
11855,2
11856,1
11857,2
11858,6
11859,3
11861,3
11862,2
11863,1
11865,5
11866,1
11867,3
11868,4
11869,4
11872,1
11873,4
11874,5
11875,4
11876,2
11877,2
11878,2
11879,1
11880,5
11882,2
11883,2
11888,1
11890,5
11891,1
11892,5
11893,1
11894,2
11895,5
11896,5
11897,3
11898,7
11900,3
11901,1
11902,1
11903,4
11905,7
11906,5
11908,4
11911,7
11912,5
11914,3
11916,5
11917,3
11918,4
11920,4
11921,5
11923,3
11924,2
11925,2
11929,1
11931,5
11932,5
11933,4
11934,2
11936,4
11940,2
11942,4
11945,1
11946,3
11947,3
11948,5
11950,1
11951,4
11954,3
11956,1
11957,5
11958,2
11959,3
11961,5
11962,2
11964,2
11966,3
11967,3
11968,5
11971,2
11973,4
11974,1
11975,1
11976,3
11977,2
11978,4
11980,3
11981,4
11982,7
11984,1
11985,1
11986,3
11988,1
11989,5
11991,5
11992,2
11993,4
11995,2
11997,7
11999,4
12001,3
12004,3
12005,4
12006,7
12007,4
12009,3
12012,5
12013,4
12014,5
12015,1
12017,3
12019,3
12020,5
12021,7
12022,3
12023,1
12025,5
12026,1
12028,1
12029,1
12032,5
12033,4
12034,2
12036,3
12038,1
12039,2
12040,5
12041,1
12042,7
12043,2
12044,1
12045,5
12047,2
12048,5
12049,3
12051,7
12053,3
12055,2
12057,1
12058,5
12059,7
12060,3
12062,3
12063,5
12066,2
12067,3
12068,1
12069,5
12071,2
12072,1
12074,2
12075,5
12077,7
12078,2
12079,4
12080,4
12081,4
12083,2
12084,4
12085,1
12086,2
12087,5
12088,1
12089,7
12090,3
12091,1
12092,5
12093,7
12094,1
12095,4
12096,4
12097,1
12098,3
12099,4
12101,1
12102,2
12103,2
12104,2
12105,1
12107,7
12108,2
12109,1
12111,1
12113,2
12114,1
12115,7
12117,5
12118,3
12119,2
12120,2
12121,2
12122,1
12125,7
12127,5
12129,7
12131,1
12132,4
12136,3
12138,3
12139,2
12141,7
12142,3
12143,1
12144,5
12145,5
12146,3
12147,4
12148,4
12149,5
12150,7
12151,2
12152,3
12153,1
12156,1
12157,3
12158,3
12159,5
12160,1
12161,1
12162,4
12166,5
12168,2
12169,2
12170,7
12173,1
12174,6
12175,4
12176,7
12177,1
12178,3
12179,3
12180,1
12182,1
12183,1
12185,2
12186,4
12187,2
12189,4
12191,4
12192,3
12193,7
12195,3
12196,4
12199,1
12200,3
12201,2
12203,5
12204,1
12205,3
12206,6
12207,2
12208,4
12209,3
12210,7
12212,5
12213,4
12214,2
12215,3
12217,1
12218,2
12220,3
12221,1
12222,4
12223,5
12224,1
12226,1
12228,3
12229,2
12230,4
12231,2
12232,2
12234,5
12236,1
12237,7
12239,2
12240,2
12241,1
12242,1
12243,4
12244,4
12245,1
12246,1
12247,5
12248,4
12249,6
12250,4
12251,1
12252,4
12253,3
12254,5
12255,3
12256,1
12258,3
12259,7
12260,3
12261,7
12262,1
12263,1
12264,1
12265,2
12266,3
12268,4
12271,3
12272,2
12273,1
12275,4
12276,2
12277,4
12279,2
12280,3
12281,7
12283,5
12285,1
12286,1
12288,2
12290,5
12291,4
12293,4
12294,3
12296,4
12297,1
12299,4
12300,1
12301,1
12302,1
12303,2
12305,1
12306,1
12307,3
12308,1
12310,4
12311,5
12312,2
12313,4
12314,3
12315,4
12316,5
12317,1
12318,7
12319,1
12320,7
12321,2
12322,2
12324,3
12325,1
12326,1
12327,2
12328,1
12329,2
12331,4
12333,5
12335,4
12337,3
12338,2
12339,1
12340,3
12341,2
12342,4
12343,5
12345,1
12346,2
12347,3
12348,2
12349,5
12350,3
12352,4
12353,7
12354,3
12355,3
12356,2
12359,2
12360,4
12363,2
12364,2
12365,2
12366,1
12368,7
12369,2
12371,4
12373,5
12375,1
12376,4
12378,2
12379,3
12381,1
12382,5
12383,1
12384,5
12385,4
12387,5
12388,1
12389,4
12390,2
12391,3
12392,5
12393,2
12394,6
12395,5
12396,3
12397,2
12398,5
12399,3
12401,2
12402,1
12403,2
12404,5
12406,1
12408,4
12409,1
12410,5
12413,2
12414,1
12415,4
12416,3
12417,2
12418,4
12419,2
12420,5
12422,2
12423,1
12424,3
12425,1
12426,1
12427,7
12428,5
12429,3
12430,3
12431,1
12432,4
12434,5
12435,1
12436,4
12437,3
12438,3
12439,1
12442,4
12443,3
12445,1
12446,1
12447,4
12448,3
12450,1
12451,2
12453,7
12454,2
12455,2
12456,2
12457,4
12459,4
12460,2
12461,5
12463,3
12464,4
12467,2
12468,5
12469,2
12470,1
12471,4
12472,4
12473,3
12474,2
12475,7
12476,1
12477,3
12478,2
12479,1
12480,3
12481,4
12482,2
12484,4
12485,4
12487,7
12488,6
12489,5
12490,3
12491,3
12492,1
12494,2
12495,3
12496,1
12498,1
12499,2
12501,3
12502,5
12503,1
12505,2
12506,5
12507,2
12508,4
12510,1
12511,3
12513,7
12516,1
12517,2
12518,4
12519,5
12520,1
12521,5
12522,1
12523,5
12525,7
12526,2
12527,3
12529,3
12530,7
12531,1
12532,5
12533,4
12535,3
12536,1
12537,3
12538,3
12539,2
12540,4
12541,2
12543,4
12547,7
12549,1
12550,7
12551,3
12553,1
12554,3
12555,1
12557,2
12558,5
12559,3
12562,4
12564,2
12565,1
12567,7
12570,5
12571,5
12573,3
12574,2
12575,2
12576,3
12577,1
12579,4
12581,1
12582,1
12586,5
12588,2
12590,5
12591,6
12593,4
12594,2
12597,3
12598,3
12600,5
12601,3
12602,5
12603,3
12604,4
12605,4
12608,3
12609,2
12610,2
12612,4
12613,4
12614,1
12617,2
12618,1
12619,2
12621,5
12623,2
12625,3
12626,4
12627,3
12628,1
12629,4
12631,4
12632,5
12635,5
12636,5
12638,5
12639,2
12642,1
12643,1
12646,2
12647,3
12649,2
12650,4
12651,4
12655,5
12659,4
12662,4
12664,1
12665,4
12667,5
12671,2
12672,3
12673,1
12675,5
12676,4
12678,4
12679,4
12681,2
12682,3
12683,4
12684,1
12685,3
12687,1
12688,1
12691,2
12693,2
12696,3
12698,4
12699,3
12701,5
12703,1
12704,2
12705,1
12706,4
12708,2
12709,5
12710,1
12713,1
12714,3
12715,4
12717,5
12719,5
12721,3
12722,4
12723,1
12725,4
12726,5
12727,1
12729,1
12730,1
12731,1
12732,1
12733,1
12734,3
12736,5
12738,4
12740,4
12741,3
12742,4
12744,1
12745,2
12746,5
12747,4
12748,2
12751,2
12752,2
12753,3
12754,2
12755,3
12756,3
12757,1
12758,5
12760,2
12761,4
12762,5
12765,3
12766,3
12767,3
12768,3
12769,3
12771,2
12772,1
12774,1
12775,5
12776,3
12777,5
12778,2
12779,5
12780,1
12781,2
12783,5
12784,1
12786,5
12787,2
12788,2
12790,4
12792,3
12793,1
12794,2
12795,5
12796,5
12797,5
12798,2
12799,4
12800,4
12801,1
12803,2
12804,2
12805,2
12806,5
12807,3
12808,2
12809,5
12810,6
12812,1
12813,2
12814,5
12815,2
12816,2
12817,1
12821,3
12822,5
12823,3
12824,3
12825,4
12826,1
12827,3
12828,4
12829,6
12830,3
12831,2
12832,2
12834,5
12835,3
12836,3
12837,5
12838,3
12841,2
12842,5
12843,4
12846,5
12848,1
12849,3
12851,3
12853,3
12854,4
12855,3
12856,1
12859,6
12860,5
12862,1
12863,5
12864,4
12865,3
12866,1
12867,1
12870,1
12873,3
12875,5
12877,3
12879,3
12882,3
12886,4
12887,5
12889,4
12890,6
12891,1
12893,4
12898,3
12899,1
12900,5
12904,1
12908,4
12910,3
12911,3
12913,1
12915,5
12916,5
12917,3
12918,5
12919,4
12922,5
12924,4
12925,3
12926,5
12931,1
12932,1
12933,1
12934,1
12936,3
12937,1
12939,3
12940,1
12942,4
12944,5
12947,5
12957,3
12961,5
12964,3
12965,4
12967,5
12968,5
12970,5
12971,5
12974,4
12977,4
12978,3
12980,5
12984,3
12988,5
13003,5
13005,3
13006,6
13008,5
13009,3
13011,5
13013,5
13015,4
13016,5
13019,3
13025,5
13026,5
13030,4
13031,4
13033,3
13034,3
13039,5
13042,3
13044,5
13045,3
13047,5
13055,3
13058,3
13061,3
13063,4
13066,3
13069,5
13070,3
13072,3
13073,3
13074,3
13077,5
13078,3
13081,3
13083,5
13085,5
13093,3
13095,3
13096,5
13101,5
13104,6
13107,3
13109,3
13110,5
13115,3
13116,5
13118,3
13121,5
13125,3
13128,5
13134,5
13135,5
13139,3
13140,3
13143,3
13148,3
13155,6
13158,5
13163,3
13165,3
13171,3
13172,3
13176,3
13178,5
13183,5
13190,3
13191,3
13192,3
13195,5
13196,3
13197,5
13199,5
13201,3
13205,3
13212,3
13213,5
13215,3
13220,5
13221,5
13222,5
13230,3
13235,5
13243,3
13249,5
13286,5
13291,5
13351,5
13358,5
13359,5
13368,6
13528,6
